1	Антон	Антон	PROPN	_	Animacy=Anim|Case=Nom|Gender=Masc|Number=Sing	6	nsubj	_	@sat1974m-words#@sat1974m#2606.536#2606.858
2	Иванов	Иванов	PROPN	_	Animacy=Anim|Case=Nom|Gender=Masc|Number=Sing	1	appos	_	@sat1974m-words#@sat1974m#2606.858#2607.18
3	/	/	PUNCT	_	_	1	punct	_	@sat1974m-words#@sat1974m#2607.18#2607.502
4	надеюсь	надеяться	VERB	_	Aspect=Imp|Mood=Ind|Number=Sing|Person=1|Tense=Pres|VerbForm=Fin|Voice=Mid	6	parataxis	_	@sat1974m-words#@sat1974m#2607.502#2607.824
5	Женя	Женя	PROPN	_	Animacy=Anim|Case=Nom|Gender=Fem|Number=Sing	6	nsubj	_	@sat1974m-words#@sat1974m#2607.824#2608.146
6	расскажет	рассказать	VERB	_	Aspect=Perf|Mood=Ind|Number=Sing|Person=3|Tense=Fut|VerbForm=Fin|Voice=Act	0	root	_	@sat1974m-words#@sat1974m#2608.146#2608.468
7	про	про	ADP	_	_	9	case	_	@sat1974m-words#@sat1974m#2608.468#2608.79
8	новый	новый	ADJ	_	Animacy=Inan|Case=Acc|Degree=Pos|Gender=Masc|Number=Sing	9	amod	_	@sat1974m-words#@sat1974m#2608.79#2609.112
9	альбом	альбом	NOUN	_	Animacy=Inan|Case=Acc|Gender=Masc|Number=Sing	6	obl	_	@sat1974m-words#@sat1974m#2609.112#2609.434
10	/	/	PUNCT	_	_	12	punct	_	@sat1974m-words#@sat1974m#2609.434#2609.756
11	и	и	CCONJ	_	_	12	cc	_	@sat1974m-words#@sat1974m#2609.756#2610.078
12	клип	клип	NOUN	_	Animacy=Inan|Case=Acc|Gender=Masc|Number=Sing	6	conj	_	@sat1974m-words#@sat1974m#2610.078#2610.4
13	Эпидемии	эпидемия	PROPN	_	Animacy=Inan|Case=Gen|Gender=Fem|Number=Sing	12	nmod	_	@sat1974m-words#@sat1974m#2610.4#2610.731
14	и	и	CCONJ	_	_	19	cc	_	@sat1974m-words#@sat1974m#2611.048#2611.318
15	про	про	ADP	_	_	19	case	_	@sat1974m-words#@sat1974m#2611.318#2611.588
16	свой	свой	DET	_	Case=Acc|Gender=Masc|Number=Sing	19	det	_	@sat1974m-words#@sat1974m#2611.588#2611.858
17	новый	новый	ADJ	_	Animacy=Inan|Case=Acc|Degree=Pos|Gender=Masc|Number=Sing	19	amod	_	@sat1974m-words#@sat1974m#2611.858#2612.128
18	сольный	сольный	ADJ	_	Animacy=Inan|Case=Acc|Degree=Pos|Gender=Masc|Number=Sing	19	amod	_	@sat1974m-words#@sat1974m#2612.128#2612.398
19	альбом	альбом	NOUN	_	Animacy=Inan|Case=Acc|Gender=Masc|Number=Sing	12	obl	_	@sat1974m-words#@sat1974m#2612.398#2612.668
20	/	/	PUNCT	_	_	23	punct	_	@sat1974m-words#@sat1974m#2612.668#2612.938
21	а	а	CCONJ	_	_	23	cc	_	@sat1974m-words#@sat1974m#2612.938#2613.208
22	ещё	еще	ADV	_	Degree=Pos	23	advmod	_	@sat1974m-words#@sat1974m#2613.208#2613.478
23	хотелось	хотеться	VERB	_	Aspect=Imp|Gender=Neut|Mood=Ind|Number=Sing|Tense=Past|VerbForm=Fin|Voice=Mid	19	conj	_	@sat1974m-words#@sat1974m#2613.478#2613.748
24	бы	бы	AUX	_	_	23	aux	_	@sat1974m-words#@sat1974m#2613.748#2614.018
25	узнать	узнать	VERB	_	Aspect=Perf|VerbForm=Inf|Voice=Act	23	xcomp	_	@sat1974m-words#@sat1974m#2614.018#2614.288
26	где	где	ADV	_	Degree=Pos	59	advmod	_	@sat1974m-words#@sat1974m#2614.288#2614.558
27	и	и	PART	_	_	33	advmod	_	@sat1974m-words#@sat1974m#2614.558#2614.828
28	когда	когда	SCONJ	_	_	33	mark	_	@sat1974m-words#@sat1974m#2614.828#2615.098
29	в	в	ADP	_	_	30	case	_	@sat1974m-words#@sat1974m#2615.098#2615.368
30	Москве	Москва	PROPN	_	Animacy=Inan|Case=Loc|Gender=Fem|Number=Sing	33	nsubj	_	@sat1974m-words#@sat1974m#2615.368#2615.638
31	/	/	PUNCT	_	_	30	punct	_	@sat1974m-words#@sat1974m#2615.638#2615.908
32	будет	быть	AUX	_	Aspect=Imp|Mood=Ind|Number=Sing|Person=3|Tense=Pres|VerbForm=Fin|Voice=Act	33	cop	_	@sat1974m-words#@sat1974m#2615.908#2616.178
33	постановка	постановка	NOUN	_	Animacy=Inan|Case=Nom|Gender=Fem|Number=Sing	59	nsubj	_	@sat1974m-words#@sat1974m#2616.178#2616.448
34	двух	два	NUM	_	Case=Gen	35	nummod	_	@sat1974m-words#@sat1974m#2616.448#2616.718
35	Э	Э	X	_	_	33	nmod	_	@sat1974m-words#@sat1974m#2616.718#2616.988
36	Р	Р	X	_	_	35	nmod	_	@sat1974m-words#@sat1974m#2616.988#2617.268
37	в	в	ADP	_	_	39	case	_	@sat1974m-words#@sat1974m#2621.634#2621.841
38	кои	кой	DET	_	Case=Acc|Number=Plur	39	det	_	@sat1974m-words#@sat1974m#2621.841#2622.048
39	веки	век	NOUN	_	Animacy=Inan|Case=Acc|Gender=Neut|Number=Plur	33	nmod	_	@sat1974m-words#@sat1974m#2622.048#2622.255
40	про	про	ADP	_	_	41	case	_	@sat1974m-words#@sat1974m#2622.255#2622.462
41	музыку	музыка	NOUN	_	Animacy=Inan|Case=Acc|Gender=Fem|Number=Sing	39	nmod	_	@sat1974m-words#@sat1974m#2622.462#2622.669
42	/	/	PUNCT	_	_	33	punct	_	@sat1974m-words#@sat1974m#2622.669#2622.876
43	про	про	ADP	_	_	44	case	_	@sat1974m-words#@sat1974m#2622.876#2623.083
44	творчество	творчество	NOUN	_	Animacy=Inan|Case=Acc|Gender=Neut|Number=Sing	59	nmod	_	@sat1974m-words#@sat1974m#2623.083#2623.292
45	про	про	ADP	_	_	47	case	_	@sat1974m-words#@sat1974m#2626.414#2626.763
46	новый	новый	ADJ	_	Animacy=Inan|Case=Acc|Degree=Pos|Gender=Masc|Number=Sing	47	amod	_	@sat1974m-words#@sat1974m#2626.763#2627.112
47	альбом	альбом	NOUN	_	Animacy=Inan|Case=Acc|Gender=Masc|Number=Sing	44	nmod	_	@sat1974m-words#@sat1974m#2627.112#2627.461
48	и	и	CCONJ	_	_	49	cc	_	@sat1974m-words#@sat1974m#2627.461#2627.81
49	клип	клип	NOUN	_	Animacy=Inan|Case=Acc|Gender=Masc|Number=Sing	47	conj	_	@sat1974m-words#@sat1974m#2627.81#2628.159
50	Эпидемии	эпидемия	PROPN	_	Animacy=Inan|Case=Gen|Gender=Fem|Number=Sing	49	nmod	_	@sat1974m-words#@sat1974m#2628.159#2628.512
51	ну	ну	PART	_	_	59	discourse	_	@sat1974m-words#@sat1974m#2686.292#2686.495
52	то	то	PRON	_	Animacy=Inan|Case=Nom|Gender=Neut|Number=Sing	51	fixed	_	@sat1974m-words#@sat1974m#2686.495#2686.698
53	есть	быть	VERB	_	Aspect=Imp|Mood=Ind|Number=Sing|Person=3|Tense=Pres|VerbForm=Fin|Voice=Act	51	fixed	_	@sat1974m-words#@sat1974m#2686.698#2686.902
54	то	то	PRON	_	Animacy=Inan|Case=Nom|Gender=Neut|Number=Sing	59	mark	_	@sat1974m-words#@sat1974m#2687.231#2687.569
55	есть	быть	VERB	_	Aspect=Imp|Mood=Ind|Number=Sing|Person=3|Tense=Pres|VerbForm=Fin|Voice=Act	54	fixed	_	@sat1974m-words#@sat1974m#2687.569#2687.907
56	это	это	PRON	_	Animacy=Inan|Case=Nom|Gender=Neut|Number=Sing	59	nsubj	_	@sat1974m-words#@sat1974m#2687.907#2688.245
57	будет	быть	AUX	_	Aspect=Imp|Mood=Ind|Number=Sing|Person=3|Tense=Pres|VerbForm=Fin|Voice=Act	59	cop	_	@sat1974m-words#@sat1974m#2688.245#2688.583
58	/	/	PUNCT	_	_	59	punct	_	@sat1974m-words#@sat1974m#2688.583#2688.921
59	ээ	ээ	INTJ	_	_	25	ccomp	_	@sat1974m-words#@sat1974m#2688.921#2689.259
60	/	/	PUNCT	_	_	62	punct	_	@sat1974m-words#@sat1974m#2689.259#2689.597
61	так	так	ADV	_	Degree=Pos	62	advmod	_	@sat1974m-words#@sat1974m#2689.597#2689.935
62	сказать	сказать	VERB	_	Aspect=Perf|VerbForm=Inf|Voice=Act	68	xcomp	_	@sat1974m-words#@sat1974m#2689.935#2690.273
63	просто	просто	PART	_	_	64	advmod	_	@sat1974m-words#@sat1974m#2690.273#2690.611
64	альбом	альбом	NOUN	_	Animacy=Inan|Case=Acc|Gender=Masc|Number=Sing	62	obl	_	@sat1974m-words#@sat1974m#2690.611#2690.949
65	металл-группы	металл-группа	NOUN	_	Animacy=Anim|Case=Gen|Gender=Masc|Number=Sing	64	nmod	_	@sat1974m-words#@sat1974m#2690.949#2691.292
66	слушай	слушать	VERB	_	Aspect=Imp|Mood=Imp|Number=Sing|Person=2|VerbForm=Fin|Voice=Act	68	xcomp	_	@sat1974m-words#@sat1974m#2700.073#2700.504
67	ну	ну	PART	_	_	68	parataxis	_	@sat1974m-words#@sat1974m#2700.504#2700.935
68	может	мочь	VERB	_	Aspect=Imp|Mood=Ind|Number=Sing|Person=3|Tense=Pres|VerbForm=Fin|Voice=Act	25	xcomp	_	@sat1974m-words#@sat1974m#2700.935#2701.366
69	быть	быть	AUX	_	Aspect=Imp|VerbForm=Inf|Voice=Act	70	cop	_	@sat1974m-words#@sat1974m#2701.366#2701.797
70	послушали	послушать	VERB	_	Aspect=Perf|Mood=Ind|Number=Plur|Tense=Past|VerbForm=Fin|Voice=Act	68	xcomp	_	@sat1974m-words#@sat1974m#2701.797#2702.228
71	там	там	ADV	_	Degree=Pos	68	advmod	_	@sat1974m-words#@sat1974m#2702.228#2702.659
72	Forces	Forces	PROPN	_	Foreign=Yes	68	conj	_	@sat1974m-words#@sat1974m#2702.659#2703.09
73	/	/	PUNCT	_	_	72	punct	_	@sat1974m-words#@sat1974m#2703.09#2703.521
74	и	и	CCONJ	_	_	75	cc	_	@sat1974m-words#@sat1974m#2703.521#2703.952
75	подумали	подумать	VERB	_	Aspect=Perf|Mood=Ind|Number=Plur|Tense=Past|VerbForm=Fin|Voice=Act	68	conj	_	@sat1974m-words#@sat1974m#2703.952#2704.39
76	я	я	PRON	_	Case=Nom|Number=Sing|Person=1	75	nsubj	_	@sat1974m-words#@sat1974m#2773.439#2773.817
77	представляю	представлять	VERB	_	Aspect=Imp|Mood=Ind|Number=Sing|Person=1|Tense=Pres|VerbForm=Fin|Voice=Act	75	xcomp	_	@sat1974m-words#@sat1974m#2773.817#2774.195
78	спрашивают	спрашивать	VERB	_	Aspect=Imp|Mood=Ind|Number=Plur|Person=3|Tense=Pres|VerbForm=Fin|Voice=Act	85	csubj	_	@sat1974m-words#@sat1974m#2784.268#2784.648
79	про	про	ADP	_	_	82	case	_	@sat1974m-words#@sat1974m#2784.648#2785.028
80	новый	новый	ADJ	_	Animacy=Inan|Case=Acc|Degree=Pos|Gender=Masc|Number=Sing	82	amod	_	@sat1974m-words#@sat1974m#2785.028#2785.408
81	сольный	сольный	ADJ	_	Animacy=Inan|Case=Acc|Degree=Pos|Gender=Masc|Number=Sing	82	amod	_	@sat1974m-words#@sat1974m#2785.408#2785.788
82	альбом	альбом	NOUN	_	Animacy=Inan|Case=Acc|Gender=Masc|Number=Sing	78	obl	_	@sat1974m-words#@sat1974m#2785.788#2786.17
83	русский	русский	ADJ	_	Animacy=Inan|Case=Acc|Degree=Pos|Gender=Masc|Number=Sing	84	amod	_	@sat1974m-words#@sat1974m#2820.182#2820.517
84	язык	язык	NOUN	_	Animacy=Inan|Case=Acc|Gender=Masc|Number=Sing	78	obj	_	@sat1974m-words#@sat1974m#2820.517#2820.853
85	слушай	слушать	VERB	_	Aspect=Imp|Mood=Imp|Number=Sing|Person=2|VerbForm=Fin|Voice=Act	77	ccomp	_	@sat1974m-words#@sat1974m#2832.219#2832.438
86	ну	ну	PART	_	_	89	parataxis	_	@sat1974m-words#@sat1974m#2832.438#2832.657
87	я	я	PRON	_	Case=Nom|Number=Sing|Person=1	89	nsubj	_	@sat1974m-words#@sat1974m#2832.657#2832.876
88	обычно	обычно	ADV	_	Degree=Pos	89	advmod	_	@sat1974m-words#@sat1974m#2832.876#2833.095
89	слушаю	слушать	VERB	_	Aspect=Imp|Mood=Ind|Number=Sing|Person=1|Tense=Pres|VerbForm=Fin|Voice=Act	85	conj	_	@sat1974m-words#@sat1974m#2833.095#2833.314
90	его	его	DET	_	_	91	det	_	@sat1974m-words#@sat1974m#2833.314#2833.533
91	релизы	релиз	NOUN	_	Animacy=Inan|Case=Acc|Gender=Masc|Number=Plur	89	obj	_	@sat1974m-words#@sat1974m#2833.533#2833.752
92	в	в	ADP	_	_	94	case	_	@sat1974m-words#@sat1974m#2833.752#2833.971
93	Бони	Бони	PROPN	_	Animacy=Anim|Case=Acc|Gender=Masc|Number=Sing	94	amod	_	@sat1974m-words#@sat1974m#2833.971#2834.19
94	НЕМ	НЕМ	PROPN	_	Animacy=Inan|Case=Acc|Gender=Masc|Number=Sing	91	nmod	_	@sat1974m-words#@sat1974m#2834.19#2834.409
95	/	/	PUNCT	_	_	103	punct	_	@sat1974m-words#@sat1974m#2834.409#2834.628
96	и	и	CCONJ	_	_	103	cc	_	@sat1974m-words#@sat1974m#2834.628#2834.847
97	там	там	ADV	_	Degree=Pos	103	advmod	_	@sat1974m-words#@sat1974m#2834.847#2835.066
98	по	по	ADP	_	_	99	case	_	@sat1974m-words#@sat1974m#2835.066#2835.285
99	началу	начало	NOUN	_	Animacy=Inan|Case=Dat|Gender=Neut|Number=Sing	103	nmod	_	@sat1974m-words#@sat1974m#2835.285#2835.504
100	всё	все	PRON	_	Animacy=Inan|Case=Nom|Gender=Neut|Number=Sing	103	nsubj	_	@sat1974m-words#@sat1974m#2835.504#2835.723
101	было	быть	AUX	_	Aspect=Imp|Gender=Neut|Mood=Ind|Number=Sing|Tense=Past|VerbForm=Fin|Voice=Act	103	cop	_	@sat1974m-words#@sat1974m#2835.723#2835.942
102	на	на	ADP	_	_	103	case	_	@sat1974m-words#@sat1974m#2835.942#2836.161
103	английски	английском	ADJ	_	Case=Loc|Degree=Pos|Gender=Masc|Number=Sing	89	obl	_	@sat1974m-words#@sat1974m#2836.161#2836.38
104	/	/	PUNCT	_	_	111	punct	_	@sat1974m-words#@sat1974m#2836.38#2836.599
105	а	а	CCONJ	_	_	111	cc	_	@sat1974m-words#@sat1974m#2836.599#2836.818
106	потом	потом	ADV	_	Degree=Pos	111	advmod	_	@sat1974m-words#@sat1974m#2836.818#2837.037
107	/	/	PUNCT	_	_	111	punct	_	@sat1974m-words#@sat1974m#2837.037#2837.256
108	он	он	PRON	_	Case=Nom|Gender=Masc|Number=Sing|Person=3	111	nsubj	_	@sat1974m-words#@sat1974m#2837.256#2837.487
109	он	он	PRON	_	Case=Nom|Gender=Masc|Number=Sing|Person=3	111	nsubj	_	@sat1974m-words#@sat1974m#2838.219#2838.61
110	уже	уже	ADV	_	Degree=Pos	111	advmod	_	@sat1974m-words#@sat1974m#2838.61#2839.001
111	решил	решить	VERB	_	Aspect=Perf|Gender=Masc|Mood=Ind|Number=Sing|Tense=Past|VerbForm=Fin|Voice=Act	103	conj	_	@sat1974m-words#@sat1974m#2839.001#2839.392
112	я	я	PRON	_	Case=Nom|Number=Sing|Person=1	113	nsubj	_	@sat1974m-words#@sat1974m#2840.28#2840.53
113	понимаю	понимать	VERB	_	Aspect=Imp|Mood=Ind|Number=Sing|Person=1|Tense=Pres|VerbForm=Fin|Voice=Act	123	parataxis	_	@sat1974m-words#@sat1974m#2840.53#2840.78
114	/	/	PUNCT	_	_	113	punct	_	@sat1974m-words#@sat1974m#2840.78#2841.03
115	да	да	PART	_	_	123	advmod	_	@sat1974m-words#@sat1974m#2841.03#2841.28
116	но	но	CCONJ	_	_	123	cc	_	@sat1974m-words#@sat1974m#2842.78#2843.033
117	Бони	Бони	PROPN	_	Animacy=Anim|Case=Nom|Gender=Masc|Number=Sing	115	flat:name	_	@sat1974m-words#@sat1974m#2843.033#2843.286
118	НЕМ	НЕМ	PROPN	_	Animacy=Anim|Case=Nom|Gender=Masc|Number=Sing	123	nmod	_	@sat1974m-words#@sat1974m#2843.286#2843.539
119	это	это	PRON	_	Animacy=Inan|Case=Nom|Gender=Neut|Number=Sing	123	nsubj	_	@sat1974m-words#@sat1974m#2843.539#2843.792
120	тоже	тоже	PART	_	_	123	advmod	_	@sat1974m-words#@sat1974m#2843.792#2844.045
121	же	же	PART	_	_	120	advmod	_	@sat1974m-words#@sat1974m#2844.045#2844.298
122	его	его	PRON	_	Case=Gen|Gender=Masc|Number=Sing|Person=3	123	nmod	_	@sat1974m-words#@sat1974m#2844.298#2844.551
123	детище	детище	NOUN	_	Animacy=Inan|Case=Acc|Gender=Neut|Number=Sing	111	obj	_	@sat1974m-words#@sat1974m#2844.551#2844.804
124	там	там	ADV	_	Degree=Pos	123	advmod	_	@sat1974m-words#@sat1974m#2847.487#2847.786
125	/	/	PUNCT	_	_	123	punct	_	@sat1974m-words#@sat1974m#2847.786#2848.085
126	да	да	PART	_	_	141	parataxis	_	@sat1974m-words#@sat1974m#2848.085#2848.384
127	/	/	PUNCT	_	_	141	punct	_	@sat1974m-words#@sat1974m#2848.384#2848.683
128	другая	другой	ADJ	_	Case=Nom|Degree=Pos|Gender=Fem|Number=Sing	130	amod	_	@sat1974m-words#@sat1974m#2848.683#2848.982
129	его	его	DET	_	_	130	det	_	@sat1974m-words#@sat1974m#2848.982#2849.281
130	сторона	сторона	NOUN	_	Animacy=Inan|Case=Nom|Gender=Fem|Number=Sing	141	nsubj	_	@sat1974m-words#@sat1974m#2849.281#2849.585
131	слушай	слушать	VERB	_	Aspect=Imp|Mood=Imp|Number=Sing|Person=2|VerbForm=Fin|Voice=Act	141	parataxis	_	@sat1974m-words#@sat1974m#2887.67#2887.932
132	а	а	CCONJ	_	_	135	cc	_	@sat1974m-words#@sat1974m#2887.932#2888.194
133	ты	ты	PRON	_	Case=Nom|Number=Sing|Person=2	135	nsubj	_	@sat1974m-words#@sat1974m#2888.194#2888.456
134	сам	сам	ADJ	_	Case=Nom|Degree=Pos|Gender=Masc|Number=Sing	133	amod	_	@sat1974m-words#@sat1974m#2888.456#2888.718
135	считаешь	считать	VERB	_	Aspect=Imp|Mood=Ind|Number=Sing|Person=2|Tense=Pres|VerbForm=Fin|Voice=Act	131	conj	_	@sat1974m-words#@sat1974m#2888.718#2888.98
136	русский	русский	ADJ	_	Animacy=Inan|Case=Nom|Degree=Pos|Gender=Masc|Number=Sing	137	amod	_	@sat1974m-words#@sat1974m#2888.98#2889.242
137	язык	язык	NOUN	_	Animacy=Inan|Case=Nom|Gender=Masc|Number=Sing	135	obj	_	@sat1974m-words#@sat1974m#2889.242#2889.504
138	действительно	действительно	ADV	_	Degree=Pos	139	obl	_	@sat1974m-words#@sat1974m#2889.504#2889.766
139	непевучий	непевучий	ADJ	_	Animacy=Inan|Case=Nom|Degree=Pos|Gender=Masc|Number=Sing	135	obl	_	@sat1974m-words#@sat1974m#2889.766#2890.028
140	?	?	PUNCT	_	_	135	punct	_	@sat1974m-words#@sat1974m#2890.028#2890.296
141	есть	быть	VERB	_	Aspect=Imp|Mood=Ind|Number=Plur|Person=3|Tense=Pres|VerbForm=Fin|Voice=Act	123	conj	_	@sat1974m-words#@sat1974m#2894.073#2894.227
142	же	же	PART	_	_	141	advmod	_	@sat1974m-words#@sat1974m#2894.227#2894.381
143	там	там	ADV	_	Degree=Pos	141	advmod	_	@sat1974m-words#@sat1974m#2894.381#2894.536
144	Ария	ария	PROPN	_	Animacy=Inan|Case=Nom|Gender=Fem|Number=Sing	143	nsubj	_	@sat1974m-words#@sat1974m#2894.756#2895.097
145	/	/	PUNCT	_	_	147	punct	_	@sat1974m-words#@sat1974m#2895.097#2895.438
146	которые	который	PRON	_	Case=Acc	147	obj	_	@sat1974m-words#@sat1974m#2895.438#2895.779
147	поют	петь	VERB	_	Aspect=Imp|Mood=Ind|Number=Plur|Person=3|Tense=Pres|VerbForm=Fin|Voice=Act	144	acl:relcl	_	@sat1974m-words#@sat1974m#2895.779#2896.12
148	ну	ну	PART	_	_	152	parataxis	_	@sat1974m-words#@sat1974m#2899.763#2900.01
149	там	там	ADV	_	Degree=Pos	152	advmod	_	@sat1974m-words#@sat1974m#2900.01#2900.257
150	слова	слово	NOUN	_	Animacy=Inan|Case=Nom|Gender=Neut|Number=Plur	152	nsubj	_	@sat1974m-words#@sat1974m#2900.257#2900.504
151	просто	просто	PART	_	_	152	advmod	_	@sat1974m-words#@sat1974m#2900.504#2900.751
152	меньше	мало	ADV	_	Degree=Cmp	161	nummod:gov	_	@sat1974m-words#@sat1974m#2900.751#2900.998
153	слогов	слог	NOUN	_	Animacy=Inan|Case=Gen|Gender=Masc|Number=Plur	152	obl	_	@sat1974m-words#@sat1974m#2900.998#2901.246
154	ага	ага	PART	_	_	153	nmod	_	@eie1987m-words#@eie1987m#2610.951#2611.512
155	очень	очень	ADV	_	Degree=Pos	157	obl	_	@eie1987m-words#@eie1987m#2619.17#2619.54
156	/	/	PUNCT	_	_	155	punct	_	@eie1987m-words#@eie1987m#2619.54#2619.91
157	хороший	хороший	ADJ	_	Animacy=Inan|Case=Nom|Degree=Pos|Gender=Masc|Number=Sing	153	amod	_	@eie1987m-words#@eie1987m#2619.91#2620.28
158	/	/	PUNCT	_	_	159	punct	_	@eie1987m-words#@eie1987m#2620.28#2620.65
159	вопрос	вопрос	NOUN	_	Animacy=Inan|Case=Nom|Gender=Masc|Number=Sing	157	conj	_	@eie1987m-words#@eie1987m#2620.65#2621.02
160	/	/	PUNCT	_	_	159	punct	_	@eie1987m-words#@eie1987m#2621.02#2621.39
161	давайте	давать	VERB	_	Aspect=Imp|Mood=Imp|Number=Plur|Person=2|VerbForm=Fin|Voice=Act	162	nsubj	_	@eie1987m-words#@eie1987m#2624.39#2624.734
162	начнём	начать	VERB	_	Aspect=Perf|Mood=Ind|Number=Plur|Person=1|Tense=Fut|VerbForm=Fin|Voice=Act	147	xcomp	_	@eie1987m-words#@eie1987m#2624.734#2625.078
163	сначала	сначала	ADV	_	Degree=Pos	162	advmod	_	@eie1987m-words#@eie1987m#2625.078#2625.422
164	/	/	PUNCT	_	_	165	punct	_	@eie1987m-words#@eie1987m#2625.422#2625.766
165	эээ	э	INTJ	_	_	162	conj	_	@eie1987m-words#@eie1987m#2625.766#2626.11
166	/	/	PUNCT	_	_	165	punct	_	@eie1987m-words#@eie1987m#2626.11#2626.454
167	про	про	ADP	_	_	168	case	_	@eie1987m-words#@eie1987m#2626.454#2626.798
168	альбом	альбом	NOUN	_	Animacy=Inan|Case=Acc|Gender=Masc|Number=Sing	165	obl	_	@eie1987m-words#@eie1987m#2626.798#2627.146
169	про	про	ADP	_	_	171	case	_	@eie1987m-words#@eie1987m#2627.829#2628.064
170	новый	новый	ADJ	_	Animacy=Inan|Case=Acc|Degree=Pos|Gender=Masc|Number=Sing	171	amod	_	@eie1987m-words#@eie1987m#2628.064#2628.299
171	альбом	альбом	NOUN	_	Animacy=Inan|Case=Acc|Gender=Masc|Number=Sing	168	nmod	_	@eie1987m-words#@eie1987m#2628.299#2628.536
172	#цокает#	#цокает#	X	_	_	171	nmod	_	@eie1987m-words#@eie1987m#2628.926#2629.269
173	/	/	PUNCT	_	_	181	punct	_	@eie1987m-words#@eie1987m#2629.269#2629.612
174	у	у	ADP	_	_	175	case	_	@eie1987m-words#@eie1987m#2629.612#2629.955
175	нас	мы	PRON	_	Case=Gen|Number=Plur|Person=1	181	nmod	_	@eie1987m-words#@eie1987m#2629.955#2630.298
176	щас	сейчас	ADV	_	Degree=Pos	181	advmod	_	@eie1987m-words#@eie1987m#2630.298#2630.641
177	/	/	PUNCT	_	_	178	punct	_	@eie1987m-words#@eie1987m#2630.641#2630.984
178	э	э	INTJ	_	_	176	conj	_	@eie1987m-words#@eie1987m#2630.984#2631.327
179	/	/	PUNCT	_	_	178	punct	_	@eie1987m-words#@eie1987m#2631.327#2631.67
180	важная	важный	ADJ	_	Case=Nom|Degree=Pos|Gender=Fem|Number=Sing	181	amod	_	@eie1987m-words#@eie1987m#2631.67#2632.013
181	цель	цель	NOUN	_	Animacy=Inan|Case=Nom|Gender=Fem|Number=Sing	171	nsubj	_	@eie1987m-words#@eie1987m#2632.013#2632.356
182	/	/	PUNCT	_	_	186	punct	_	@eie1987m-words#@eie1987m#2632.356#2632.699
183	с	с	ADP	_	_	184	case	_	@eie1987m-words#@eie1987m#2632.699#2633.042
184	Эпидемией	эпидемия	PROPN	_	Animacy=Inan|Case=Ins|Gender=Fem|Number=Sing	186	obl	_	@eie1987m-words#@eie1987m#2633.042#2633.39
185	мы	мы	PRON	_	Case=Nom|Number=Plur|Person=1	186	nsubj	_	@eie1987m-words#@eie1987m#2633.975#2634.312
186	работаем	работать	VERB	_	Aspect=Imp|Mood=Ind|Number=Plur|Person=1|Tense=Pres|VerbForm=Fin|Voice=Act	181	parataxis	_	@eie1987m-words#@eie1987m#2634.312#2634.649
187	над	над	ADP	_	_	188	case	_	@eie1987m-words#@eie1987m#2634.649#2634.986
188	альбомом	альбом	NOUN	_	Animacy=Inan|Case=Ins|Gender=Masc|Number=Sing	186	obl	_	@eie1987m-words#@eie1987m#2634.986#2635.323
189	над	над	ADP	_	_	190	case	_	@eie1987m-words#@eie1987m#2635.323#2635.66
190	новым	новый	ADJ	_	Case=Ins|Degree=Pos|Gender=Masc|Number=Sing	188	nmod	_	@eie1987m-words#@eie1987m#2635.66#2636.0
191	который	который	PRON	_	Case=Nom	197	nsubj	_	@eie1987m-words#@eie1987m#2636.902#2637.263
192	/	/	PUNCT	_	_	191	punct	_	@eie1987m-words#@eie1987m#2637.263#2637.624
193	ээ	ээ	INTJ	_	_	197	parataxis	_	@eie1987m-words#@eie1987m#2637.624#2637.985
194	/	/	PUNCT	_	_	193	punct	_	@eie1987m-words#@eie1987m#2637.985#2638.346
195	будет	быть	AUX	_	Aspect=Imp|Mood=Ind|Number=Sing|Person=3|Tense=Pres|VerbForm=Fin|Voice=Act	197	aux	_	@eie1987m-words#@eie1987m#2638.346#2638.707
196	не	не	PART	_	_	197	advmod	_	@eie1987m-words#@eie1987m#2640.39#2640.731
197	соотноситься	соотноситься	VERB	_	Aspect=Imp|VerbForm=Inf|Voice=Mid	190	xcomp	_	@eie1987m-words#@eie1987m#2640.731#2641.072
198	с	с	ADP	_	_	214	case	_	@eie1987m-words#@eie1987m#2641.072#2641.413
199	/	/	PUNCT	_	_	200	punct	_	@eie1987m-words#@eie1987m#2641.413#2641.754
200	э	э	INTJ	_	_	214	parataxis	_	@eie1987m-words#@eie1987m#2641.754#2642.095
201	/	/	PUNCT	_	_	200	punct	_	@eie1987m-words#@eie1987m#2642.095#2642.436
202	металл-операми	металл-опера	NOUN	_	Animacy=Inan|Case=Ins|Gender=Fem|Number=Plur	214	nmod	_	@eie1987m-words#@eie1987m#2642.436#2642.78
203	то	то	PRON	_	Animacy=Inan|Case=Nom|Gender=Neut|Number=Sing	214	mark	_	@eie1987m-words#@eie1987m#2643.17#2643.52
204	есть	быть	VERB	_	Aspect=Imp|Mood=Ind|Number=Sing|Person=3|Tense=Pres|VerbForm=Fin|Voice=Act	203	fixed	_	@eie1987m-words#@eie1987m#2643.52#2643.87
205	ну	ну	PART	_	_	214	parataxis	_	@eie1987m-words#@eie1987m#2643.87#2644.22
206	там	там	ADV	_	Degree=Pos	214	advmod	_	@eie1987m-words#@eie1987m#2644.22#2644.57
207	он	он	PRON	_	Case=Nom|Gender=Masc|Number=Sing|Person=3	214	nsubj	_	@eie1987m-words#@eie1987m#2644.57#2644.92
208	будет	быть	AUX	_	Aspect=Imp|Mood=Ind|Number=Sing|Person=3|Tense=Pres|VerbForm=Fin|Voice=Act	214	cop	_	@eie1987m-words#@eie1987m#2644.92#2645.27
209	такой	такой	DET	_	Case=Nom|Gender=Masc|Number=Sing	214	det	_	@eie1987m-words#@eie1987m#2645.27#2645.62
210	/	/	PUNCT	_	_	213	punct	_	@eie1987m-words#@eie1987m#2645.62#2645.97
211	полноценный	полноценный	ADJ	_	Case=Nom|Degree=Pos|Gender=Masc|Number=Sing	213	amod	_	@eie1987m-words#@eie1987m#2645.97#2646.32
212	самостоятельный	самостоятельный	ADJ	_	Case=Nom|Degree=Pos|Gender=Masc|Number=Sing	213	amod	_	@eie1987m-words#@eie1987m#2646.32#2646.67
213	альбом	альбом	NOUN	_	Animacy=Inan|Case=Nom|Gender=Masc|Number=Sing	209	obl	_	@eie1987m-words#@eie1987m#2646.67#2647.02
214	группы	группа	NOUN	_	Animacy=Inan|Case=Gen|Gender=Fem|Number=Sing	197	obl	_	@eie1987m-words#@eie1987m#2647.02#2647.37
215	Эпидемия	эпидемия	PROPN	_	Animacy=Inan|Case=Nom|Gender=Fem|Number=Sing	224	nsubj	_	@eie1987m-words#@eie1987m#2647.37#2647.72
216	без	без	ADP	_	_	217	case	_	@eie1987m-words#@eie1987m#2647.72#2648.07
217	преувеличения	преувеличение	NOUN	_	Animacy=Inan|Case=Gen|Gender=Neut|Number=Sing	215	nmod	_	@eie1987m-words#@eie1987m#2648.07#2648.42
218	/	/	PUNCT	_	_	217	punct	_	@eie1987m-words#@eie1987m#2648.42#2648.77
219	ммм	мм	INTJ	_	_	217	appos	_	@eie1987m-words#@eie1987m#2648.77#2649.12
220	/	/	PUNCT	_	_	219	punct	_	@eie1987m-words#@eie1987m#2649.12#2649.47
221	[нрзб]	[нрзб]	PUNCT	_	_	219	punct	_	@eie1987m-words#@eie1987m#2649.47#2649.82
222	не	не	PART	_	_	223	advmod	_	@eie1987m-words#@eie1987m#2649.82#2650.17
223	ну	ну	PART	_	_	224	parataxis	_	@eie1987m-words#@eie1987m#2650.17#2650.52
224	может	мочь	VERB	_	Aspect=Imp|Mood=Ind|Number=Sing|Person=3|Tense=Pres|VerbForm=Fin|Voice=Act	197	conj	_	@eie1987m-words#@eie1987m#2650.52#2650.87
225	быть	быть	VERB	_	Aspect=Imp|VerbForm=Inf|Voice=Act	224	xcomp	_	@eie1987m-words#@eie1987m#2650.87#2651.22
226	кого-то	кто-то	PRON	_	Case=Gen	257	nmod	_	@eie1987m-words#@eie1987m#2651.22#2651.57
227	там	там	ADV	_	Degree=Pos	257	advmod	_	@eie1987m-words#@eie1987m#2651.57#2651.92
228	ради	ради	ADP	_	_	229	case	_	@eie1987m-words#@eie1987m#2651.92#2652.27
229	разнообразия	разнообразие	NOUN	_	Animacy=Inan|Case=Gen|Gender=Neut|Number=Sing	227	obl	_	@eie1987m-words#@eie1987m#2652.27#2652.62
230	и	и	CCONJ	_	_	236	cc	_	@eie1987m-words#@eie1987m#2652.62#2652.97
231	привлечём	привлечь	VERB	_	Aspect=Perf|Mood=Ind|Number=Plur|Person=1|Tense=Fut|VerbForm=Fin|Voice=Act	232	case	_	@eie1987m-words#@eie1987m#2652.97#2653.32
232	я	я	PRON	_	Case=Nom|Number=Sing|Person=1	236	nsubj	_	@eie1987m-words#@eie1987m#2653.32#2653.67
233	пока	пока	ADV	_	Degree=Pos	236	advmod	_	@eie1987m-words#@eie1987m#2653.67#2654.02
234	не	не	PART	_	_	236	advmod	_	@eie1987m-words#@eie1987m#2654.02#2654.37
235	в	в	ADP	_	_	236	case	_	@eie1987m-words#@eie1987m#2654.37#2654.72
236	курсе	курс	NOUN	_	Animacy=Inan|Case=Loc|Gender=Masc|Number=Sing	227	conj	_	@eie1987m-words#@eie1987m#2654.72#2655.097
237	но	но	CCONJ	_	_	251	cc	_	@eie1987m-words#@eie1987m#2656.073#2656.393
238	это	это	PRON	_	Animacy=Inan|Case=Nom|Gender=Neut|Number=Sing	251	nsubj	_	@eie1987m-words#@eie1987m#2656.393#2656.713
239	будет	быть	AUX	_	Aspect=Imp|Mood=Ind|Number=Sing|Person=3|Tense=Pres|VerbForm=Fin|Voice=Act	251	cop	_	@eie1987m-words#@eie1987m#2656.713#2657.033
240	вот	вот	PART	_	_	241	advmod	_	@eie1987m-words#@eie1987m#2657.033#2657.353
241	наверное	наверное	ADV	_	Degree=Pos	251	advmod	_	@eie1987m-words#@eie1987m#2657.353#2657.673
242	для	для	ADP	_	_	243	case	_	@eie1987m-words#@eie1987m#2657.673#2657.993
243	меня	я	PRON	_	Case=Gen|Number=Sing|Person=1	251	nmod	_	@eie1987m-words#@eie1987m#2657.993#2658.313
244	это	это	PRON	_	Animacy=Inan|Case=Nom|Gender=Neut|Number=Sing	251	nsubj	_	@eie1987m-words#@eie1987m#2658.313#2658.633
245	будет	быть	AUX	_	Aspect=Imp|Mood=Ind|Number=Sing|Person=3|Tense=Pres|VerbForm=Fin|Voice=Act	251	cop	_	@eie1987m-words#@eie1987m#2658.633#2658.953
246	первый	первый	ADJ	_	Case=Nom|Degree=Pos|Gender=Masc|Number=Sing	251	amod	_	@eie1987m-words#@eie1987m#2658.953#2659.273
247	такой	такой	DET	_	Case=Nom|Gender=Masc|Number=Sing	251	det	_	@eie1987m-words#@eie1987m#2659.273#2659.593
248	/	/	PUNCT	_	_	251	punct	_	@eie1987m-words#@eie1987m#2659.593#2659.913
249	серьёзный	серьёзный	ADJ	_	Case=Nom|Degree=Pos|Gender=Masc|Number=Sing	251	amod	_	@eie1987m-words#@eie1987m#2659.913#2660.233
250	сольный	сольный	ADJ	_	Case=Nom|Degree=Pos|Gender=Masc|Number=Sing	251	amod	_	@eie1987m-words#@eie1987m#2660.233#2660.553
251	релиз	релиз	NOUN	_	Animacy=Inan|Case=Nom|Gender=Masc|Number=Sing	257	nsubj	_	@eie1987m-words#@eie1987m#2660.553#2660.873
252	в	в	ADP	_	_	253	case	_	@eie1987m-words#@eie1987m#2660.873#2661.193
253	ка...	ка...	X	_	_	251	nmod	_	@eie1987m-words#@eie1987m#2661.193#2661.513
254	в	в	ADP	_	_	255	case	_	@eie1987m-words#@eie1987m#2661.513#2661.833
255	составе	состав	NOUN	_	Animacy=Inan|Case=Loc|Gender=Masc|Number=Sing	251	nmod	_	@eie1987m-words#@eie1987m#2661.833#2662.153
256	группы	группа	NOUN	_	Animacy=Inan|Case=Gen|Gender=Fem|Number=Sing	255	nmod	_	@eie1987m-words#@eie1987m#2662.153#2662.473
257	Эпидемия	эпидемия	PROPN	_	Animacy=Inan|Case=Nom|Gender=Fem|Number=Sing	224	nsubj	_	@eie1987m-words#@eie1987m#2662.473#2662.793
258	потому	потому	ADV	_	Degree=Pos	280	mark	_	@eie1987m-words#@eie1987m#2662.793#2663.113
259	что	что	SCONJ	_	_	258	fixed	_	@eie1987m-words#@eie1987m#2663.113#2663.433
260	до	до	ADP	_	_	261	case	_	@eie1987m-words#@eie1987m#2663.433#2663.753
261	этого	это	PRON	_	Animacy=Inan|Case=Gen|Gender=Neut|Number=Sing	280	nmod	_	@eie1987m-words#@eie1987m#2663.753#2664.073
262	это	это	PRON	_	Animacy=Inan|Case=Nom|Gender=Neut|Number=Sing	280	nsubj	_	@eie1987m-words#@eie1987m#2664.073#2664.393
263	были	быть	AUX	_	Aspect=Imp|Mood=Ind|Number=Plur|Tense=Past|VerbForm=Fin|Voice=Act	280	cop	_	@eie1987m-words#@eie1987m#2664.393#2664.713
264	/	/	PUNCT	_	_	263	punct	_	@eie1987m-words#@eie1987m#2664.713#2665.033
265	э	э	INTJ	_	_	280	parataxis	_	@eie1987m-words#@eie1987m#2665.033#2665.353
266	/	/	PUNCT	_	_	267	punct	_	@eie1987m-words#@eie1987m#2665.353#2665.673
267	баллад...	баллады	NOUN	_	Animacy=Inan|Case=Nom|Gender=Fem|Number=Plur	265	parataxis	_	@eie1987m-words#@eie1987m#2665.673#2665.993
268	/	/	PUNCT	_	_	265	punct	_	@eie1987m-words#@eie1987m#2665.993#2666.313
269	ээ	э	INTJ	_	_	275	nmod	_	@eie1987m-words#@eie1987m#2666.313#2666.633
270	/	/	PUNCT	_	_	271	punct	_	@eie1987m-words#@eie1987m#2666.633#2666.953
271	перепевки	перепевка	NOUN	_	Animacy=Inan|Case=Nom|Gender=Fem|Number=Plur	269	nmod	_	@eie1987m-words#@eie1987m#2666.953#2667.273
272	баллад	баллада	NOUN	_	Animacy=Inan|Case=Gen|Gender=Fem|Number=Plur	271	nmod	_	@eie1987m-words#@eie1987m#2667.273#2667.593
273	/	/	PUNCT	_	_	274	punct	_	@eie1987m-words#@eie1987m#2667.593#2667.913
274	перезапись	перезапись	VERB	_	Aspect=Perf|VerbForm=Inf|Voice=Mid	275	parataxis	_	@eie1987m-words#@eie1987m#2667.913#2668.233
275	баллад	баллада	NOUN	_	Animacy=Inan|Case=Gen|Gender=Fem|Number=Plur	280	nsubj	_	@eie1987m-words#@eie1987m#2668.233#2668.585
276	это	это	PRON	_	Animacy=Inan|Case=Nom|Gender=Neut|Number=Sing	275	nsubj	_	@eie1987m-words#@eie1987m#2669.634#2670.016
277	были	быть	AUX	_	Aspect=Imp|Mood=Ind|Number=Plur|Tense=Past|VerbForm=Fin|Voice=Act	280	cop	_	@eie1987m-words#@eie1987m#2670.016#2670.398
278	там	там	ADV	_	Degree=Pos	280	advmod	_	@eie1987m-words#@eie1987m#2670.398#2670.78
279	акустические	акустический	ADJ	_	Case=Nom|Degree=Pos|Number=Plur	280	amod	_	@eie1987m-words#@eie1987m#2670.78#2671.162
280	концерт	концерт	NOUN	_	Animacy=Inan|Case=Nom|Gender=Masc|Number=Sing	257	advcl	_	@eie1987m-words#@eie1987m#2671.162#2671.544
281	/	/	PUNCT	_	_	282	punct	_	@eie1987m-words#@eie1987m#2671.544#2671.926
282	э	эра	INTJ	_	_	280	nmod	_	@eie1987m-words#@eie1987m#2671.926#2672.308
283	/	/	PUNCT	_	_	282	punct	_	@eie1987m-words#@eie1987m#2672.308#2672.69
284	металл-оперы	металл-оперы	NOUN	_	Animacy=Inan|Case=Nom|Gender=Fem|Number=Plur	288	nsubj	_	@eie1987m-words#@eie1987m#2672.69#2673.072
285	та	тот	DET	_	Case=Nom|Gender=Fem|Number=Sing	284	det	_	@eie1987m-words#@eie1987m#2673.072#2673.454
286	опять	опять	ADV	_	Degree=Pos	288	advmod	_	@eie1987m-words#@eie1987m#2673.454#2673.836
287	же	же	PART	_	_	286	advmod	_	@eie1987m-words#@eie1987m#2673.836#2674.218
288	да	да	PART	_	_	257	parataxis	_	@eie1987m-words#@eie1987m#2674.218#2674.6
289	/	/	PUNCT	_	_	296	punct	_	@eie1987m-words#@eie1987m#2674.6#2674.982
290	но	но	CCONJ	_	_	296	cc	_	@eie1987m-words#@eie1987m#2674.982#2675.364
291	это	это	PRON	_	Animacy=Inan|Case=Nom|Gender=Neut|Number=Sing	296	nsubj	_	@eie1987m-words#@eie1987m#2675.364#2675.746
292	/	/	PUNCT	_	_	296	punct	_	@eie1987m-words#@eie1987m#2675.746#2676.128
293	такое	такой	DET	_	Case=Nom|Gender=Neut|Number=Sing	294	det	_	@eie1987m-words#@eie1987m#2676.128#2676.51
294	концептуальное	концептуальный	ADJ	_	Case=Nom|Degree=Pos|Gender=Neut|Number=Sing	296	amod	_	@eie1987m-words#@eie1987m#2676.51#2676.892
295	всё-таки	всё-таки	PART	_	_	296	advmod	_	@eie1987m-words#@eie1987m#2676.892#2677.274
296	мероприятие	мероприятие	NOUN	_	Animacy=Inan|Case=Nom|Gender=Neut|Number=Sing	288	conj	_	@eie1987m-words#@eie1987m#2677.274#2677.656
297	с	с	ADP	_	_	299	case	_	@eie1987m-words#@eie1987m#2677.656#2678.038
298	/	/	PUNCT	_	_	299	punct	_	@eie1987m-words#@eie1987m#2678.038#2678.42
299	множеством	множество	NOUN	_	Animacy=Inan|Case=Ins|Gender=Neut|Number=Sing	296	nmod	_	@eie1987m-words#@eie1987m#2678.42#2678.802
300	вокалистов	вокалист	NOUN	_	Animacy=Anim|Case=Gen|Gender=Masc|Number=Plur	299	nmod	_	@eie1987m-words#@eie1987m#2678.802#2679.184
301	а	а	CCONJ	_	_	305	cc	_	@eie1987m-words#@eie1987m#2679.184#2679.566
302	не	не	PART	_	_	303	advmod	_	@eie1987m-words#@eie1987m#2679.566#2679.948
303	где	где	ADV	_	Degree=Pos	305	advmod	_	@eie1987m-words#@eie1987m#2679.948#2680.33
304	я	я	PRON	_	Case=Nom|Number=Sing|Person=1	305	nsubj	_	@eie1987m-words#@eie1987m#2680.33#2680.712
305	там	там	ADV	_	Degree=Pos	299	advmod	_	@eie1987m-words#@eie1987m#2680.712#2681.094
306	один	один	NUM	_	Case=Nom|Gender=Masc	308	nummod:gov	_	@eie1987m-words#@eie1987m#2681.094#2681.476
307	как-то	как-то	ADV	_	Degree=Pos	306	advmod	_	@eie1987m-words#@eie1987m#2681.476#2681.858
308	что-то	что-то	PRON	_	Case=Acc	311	obj	_	@eie1987m-words#@eie1987m#2681.858#2682.24
309	/	/	PUNCT	_	_	310	punct	_	@eie1987m-words#@eie1987m#2682.24#2682.622
310	пытаюсь	пытаться	VERB	_	Aspect=Imp|Mood=Ind|Number=Sing|Person=1|Tense=Pres|VerbForm=Fin|Voice=Mid	311	parataxis	_	@eie1987m-words#@eie1987m#2682.622#2683.004
311	иллюстрировать	иллюстрировать	VERB	_	Aspect=Imp|VerbForm=Inf|Voice=Act	305	xcomp	_	@eie1987m-words#@eie1987m#2683.004#2683.386
312	да	да	CCONJ	_	_	318	cc	_	@eie1987m-words#@eie1987m#2683.386#2683.78
313	что	что	PRON	_	Case=Nom	318	nsubj	_	@eie1987m-words#@eie1987m#2684.829#2685.048
314	там	там	ADV	_	Degree=Pos	318	advmod	_	@eie1987m-words#@eie1987m#2685.048#2685.267
315	ещё	еще	ADV	_	Degree=Pos	319	obl	_	@eie1987m-words#@eie1987m#2685.267#2685.486
316	у	у	ADP	_	_	317	case	_	@eie1987m-words#@eie1987m#2685.486#2685.705
317	нас	мы	PRON	_	Case=Gen|Number=Plur|Person=1	318	obl	_	@eie1987m-words#@eie1987m#2685.705#2685.924
318	было	быть	VERB	_	Aspect=Imp|Gender=Neut|Mood=Ind|Number=Sing|Tense=Past|VerbForm=Fin|Voice=Act	311	conj	_	@eie1987m-words#@eie1987m#2685.924#2686.146
319	сингл	сингл	ADJ	_	Case=Nom|Degree=Pos|Gender=Masc|Number=Sing	324	obl	_	@eie1987m-words#@eie1987m#2686.414#2687.17
320	сингл	сингл	ADJ	_	Case=Nom|Degree=Pos|Gender=Masc|Number=Sing	321	amod	_	@eie1987m-words#@eie1987m#2687.341#2688.317
321	я	я	PRON	_	Case=Nom|Number=Sing|Person=1	324	nsubj	_	@eie1987m-words#@eie1987m#2691.463#2692.06
322	наконец-таки	наконец-таки	ADV	_	Degree=Pos	324	advmod	_	@eie1987m-words#@eie1987m#2692.06#2692.657
323	наконец-то	наконец-то	ADV	_	Degree=Pos	324	advmod	_	@eie1987m-words#@eie1987m#2692.657#2693.254
324	дорос	дорос	VERB	_	Aspect=Perf|Gender=Masc|Mood=Ind|Number=Sing|Tense=Past|VerbForm=Fin|Voice=Act	318	parataxis	_	@eie1987m-words#@eie1987m#2693.254#2693.853
325	понимаешь	понимать	VERB	_	Aspect=Imp|Mood=Ind|Number=Sing|Person=2|Tense=Pres|VerbForm=Fin|Voice=Act	324	conj	_	@eie1987m-words#@eie1987m#2694.122#2694.445
326	Серёж	Серёжа	PROPN	_	Animacy=Inan|Case=Voc|Gender=Masc|Number=Sing	332	obj	_	@eie1987m-words#@eie1987m#2694.445#2694.768
327	сколько	сколько	NUM	_	_	332	nsubj	_	@eie1987m-words#@eie1987m#2694.768#2695.091
328	/	/	PUNCT	_	_	327	punct	_	@eie1987m-words#@eie1987m#2695.091#2695.414
329	с	с	ADP	_	_	331	case	_	@eie1987m-words#@eie1987m#2695.414#2695.737
330	одиннадцатого	одиннадцатый	ADJ	_	Case=Gen|Degree=Pos|Gender=Masc|Number=Sing	331	amod	_	@eie1987m-words#@eie1987m#2695.737#2696.06
331	года	год	NOUN	_	Animacy=Inan|Case=Gen|Gender=Masc|Number=Sing	327	obl	_	@eie1987m-words#@eie1987m#2696.06#2696.383
332	прошло	пройти	VERB	_	Aspect=Perf|Gender=Neut|Mood=Ind|Number=Sing|Tense=Past|VerbForm=Fin|Voice=Act	325	ccomp	_	@eie1987m-words#@eie1987m#2696.383#2696.706
333	восемь	восемь	NUM	_	Case=Nom	334	nummod:gov	_	@eie1987m-words#@eie1987m#2696.706#2697.029
334	лет	год	NOUN	_	Animacy=Inan|Case=Gen|Gender=Masc|Number=Plur	337	obl	_	@eie1987m-words#@eie1987m#2697.029#2697.352
335	/	/	PUNCT	_	_	337	punct	_	@eie1987m-words#@eie1987m#2697.352#2697.675
336	я	я	PRON	_	Case=Nom|Number=Sing|Person=1	337	nsubj	_	@eie1987m-words#@eie1987m#2697.675#2697.998
337	дорос	дорасти	VERB	_	Aspect=Perf|Gender=Masc|Mood=Ind|Number=Sing|Tense=Past|VerbForm=Fin|Voice=Act	332	conj	_	@eie1987m-words#@eie1987m#2697.998#2698.321
338	до	до	ADP	_	_	341	case	_	@eie1987m-words#@eie1987m#2698.321#2698.644
339	сольного	сольный	ADJ	_	Case=Gen|Degree=Pos|Gender=Masc|Number=Sing	341	amod	_	@eie1987m-words#@eie1987m#2698.644#2698.967
340	/	/	PUNCT	_	_	341	punct	_	@eie1987m-words#@eie1987m#2698.967#2699.29
341	альбома	альбом	NOUN	_	Animacy=Inan|Case=Gen|Gender=Masc|Number=Sing	337	obl	_	@eie1987m-words#@eie1987m#2699.29#2699.613
342	в	в	ADP	_	_	343	case	_	@eie1987m-words#@eie1987m#2699.613#2699.936
343	ка...	ка...	PROPN	_	Animacy=Anim|Case=Ins|Gender=Fem|Number=Sing	337	obl	_	@eie1987m-words#@eie1987m#2699.936#2700.259
344	в	в	ADP	_	_	345	case	_	@eie1987m-words#@eie1987m#2700.259#2700.582
345	составе	состав	NOUN	_	Animacy=Inan|Case=Loc|Gender=Masc|Number=Sing	337	obl	_	@eie1987m-words#@eie1987m#2700.582#2700.905
346	группы	группа	NOUN	_	Animacy=Inan|Case=Gen|Gender=Fem|Number=Sing	345	nmod	_	@eie1987m-words#@eie1987m#2700.905#2701.243
347	нет	нет	VERB	_	Aspect=Imp|Mood=Ind|Number=Sing|Person=3|Tense=Pres|VerbForm=Fin|Voice=Act	381	advcl	_	@eie1987m-words#@eie1987m#2704.048#2704.357
348	/	/	PUNCT	_	_	352	punct	_	@eie1987m-words#@eie1987m#2704.357#2704.666
349	для	для	ADP	_	_	350	case	_	@eie1987m-words#@eie1987m#2704.666#2704.975
350	меня	я	PRON	_	Case=Gen|Number=Sing|Person=1	352	obl	_	@eie1987m-words#@eie1987m#2704.975#2705.284
351	это	это	PRON	_	Animacy=Inan|Case=Nom|Gender=Neut|Number=Sing	352	nsubj	_	@eie1987m-words#@eie1987m#2705.284#2705.593
352	важно	важно	ADV	_	Degree=Pos	381	parataxis	_	@eie1987m-words#@eie1987m#2705.593#2705.902
353	/	/	PUNCT	_	_	357	punct	_	@eie1987m-words#@eie1987m#2705.902#2706.211
354	даже	даже	PART	_	_	357	advmod	_	@eie1987m-words#@eie1987m#2706.211#2706.52
355	с	с	ADP	_	_	357	case	_	@eie1987m-words#@eie1987m#2706.52#2706.829
356	той	тот	DET	_	Case=Gen|Gender=Fem|Number=Sing	357	det	_	@eie1987m-words#@eie1987m#2706.829#2707.138
357	точки	точка	NOUN	_	Animacy=Inan|Case=Gen|Gender=Fem|Number=Sing	381	nsubj	_	@eie1987m-words#@eie1987m#2707.138#2707.447
358	зрения	зрение	NOUN	_	Animacy=Inan|Case=Gen|Gender=Neut|Number=Sing	357	compound	_	@eie1987m-words#@eie1987m#2707.447#2707.756
359	/	/	PUNCT	_	_	381	punct	_	@eie1987m-words#@eie1987m#2707.756#2708.065
360	потому	потому	ADV	_	Degree=Pos	381	mark	_	@eie1987m-words#@eie1987m#2708.065#2708.374
361	что	что	SCONJ	_	_	360	fixed	_	@eie1987m-words#@eie1987m#2708.374#2708.683
362	для	для	ADP	_	_	363	case	_	@eie1987m-words#@eie1987m#2708.683#2708.992
363	меня	я	PRON	_	Case=Gen|Number=Sing|Person=1	381	obl	_	@eie1987m-words#@eie1987m#2708.992#2709.301
364	Эпидемия	эпидемия	PROPN	_	Animacy=Inan|Case=Nom|Gender=Fem|Number=Sing	381	nsubj	_	@eie1987m-words#@eie1987m#2709.301#2709.61
365	это	это	PRON	_	Animacy=Inan|Case=Nom|Gender=Neut|Number=Sing	381	cop	_	@eie1987m-words#@eie1987m#2709.61#2709.919
366	вот	вот	PART	_	_	365	advmod	_	@eie1987m-words#@eie1987m#2709.919#2710.228
367	/	/	PUNCT	_	_	368	punct	_	@eie1987m-words#@eie1987m#2710.228#2710.537
368	дом	дом	NOUN	_	Animacy=Inan|Case=Nom|Gender=Masc|Number=Sing	366	conj	_	@eie1987m-words#@eie1987m#2710.537#2710.846
369	родной	родной	ADJ	_	Animacy=Inan|Case=Nom|Degree=Pos|Gender=Masc|Number=Sing	370	amod	_	@eie1987m-words#@eie1987m#2710.846#2711.155
370	дом	дом	NOUN	_	Animacy=Inan|Case=Nom|Gender=Masc|Number=Sing	368	nmod	_	@eie1987m-words#@eie1987m#2711.155#2711.464
371	/	/	PUNCT	_	_	368	punct	_	@eie1987m-words#@eie1987m#2711.464#2711.773
372	и	и	CCONJ	_	_	374	cc	_	@eie1987m-words#@eie1987m#2711.773#2712.082
373	я	я	PRON	_	Case=Nom|Number=Sing|Person=1	374	nsubj	_	@eie1987m-words#@eie1987m#2712.082#2712.391
374	хочу	хотеть	VERB	_	Aspect=Imp|Mood=Ind|Number=Sing|Person=1|Tense=Pres|VerbForm=Fin|Voice=Act	366	conj	_	@eie1987m-words#@eie1987m#2712.391#2712.7
375	уже	уже	ADV	_	Degree=Pos	377	obl	_	@eie1987m-words#@eie1987m#2712.7#2713.009
376	в	в	ADP	_	_	377	case	_	@eie1987m-words#@eie1987m#2713.009#2713.318
377	конце-концов	конце-концов	NOUN	_	_	374	obl	_	@eie1987m-words#@eie1987m#2713.318#2713.627
378	чтобы	чтобы	SCONJ	_	Mood=Cnd	381	mark	_	@eie1987m-words#@eie1987m#2713.627#2713.936
379	/	/	PUNCT	_	_	378	punct	_	@eie1987m-words#@eie1987m#2713.936#2714.245
380	мне	я	PRON	_	Case=Dat|Number=Sing|Person=1	381	iobj	_	@eie1987m-words#@eie1987m#2714.245#2714.554
381	приятно	приятный	ADJ	_	Degree=Pos|Gender=Neut|Number=Sing|Variant=Short	337	obl	_	@eie1987m-words#@eie1987m#2714.554#2714.863
382	что	что	SCONJ	_	_	384	mark	_	@eie1987m-words#@eie1987m#2714.863#2715.172
383	наконец-то	наконец-то	ADV	_	Degree=Pos	384	advmod	_	@eie1987m-words#@eie1987m#2715.172#2715.481
384	выйдет	выйти	VERB	_	Aspect=Perf|Mood=Ind|Number=Sing|Person=3|Tense=Fut|VerbForm=Fin|Voice=Act	377	acl	_	@eie1987m-words#@eie1987m#2715.481#2715.79
385	сольный	сольный	ADJ	_	Case=Nom|Degree=Pos|Gender=Masc|Number=Sing	386	amod	_	@eie1987m-words#@eie1987m#2715.79#2716.099
386	альбом	альбом	NOUN	_	Animacy=Inan|Case=Nom|Gender=Masc|Number=Sing	394	nmod	_	@eie1987m-words#@eie1987m#2716.099#2716.408
387	/	/	PUNCT	_	_	388	punct	_	@eie1987m-words#@eie1987m#2716.408#2716.717
388	где	где	ADV	_	Degree=Pos	394	advmod	_	@eie1987m-words#@eie1987m#2716.717#2717.026
389	[нрзб]	[нрзб]	PUNCT	_	_	388	punct	_	@eie1987m-words#@eie1987m#2717.026#2717.335
390	самостоятельно	самостоятельно	ADV	_	Degree=Pos	388	advmod	_	@eie1987m-words#@eie1987m#2717.335#2717.644
391	/	/	PUNCT	_	_	388	punct	_	@eie1987m-words#@eie1987m#2717.644#2717.953
392	вот	вот	PART	_	_	388	advmod	_	@eie1987m-words#@eie1987m#2717.953#2718.262
393	группа	группа	NOUN	_	Animacy=Inan|Case=Nom|Gender=Fem|Number=Sing	394	parataxis	_	@eie1987m-words#@eie1987m#2718.262#2718.571
394	Эпидемия	эпидемия	PROPN	_	Animacy=Inan|Case=Nom|Gender=Fem|Number=Sing	384	nsubj	_	@eie1987m-words#@eie1987m#2718.571#2718.88
395	это	это	PRON	_	Animacy=Inan|Case=Nom|Gender=Neut|Number=Sing	394	nsubj	_	@eie1987m-words#@eie1987m#2718.88#2719.189
396	моя	мой	DET	_	Case=Nom|Gender=Fem|Number=Sing	395	det	_	@eie1987m-words#@eie1987m#2719.189#2719.498
397	/	/	PUNCT	_	_	398	punct	_	@eie1987m-words#@eie1987m#2719.498#2719.807
398	ээ	ээ	INTJ	_	_	395	nmod	_	@eie1987m-words#@eie1987m#2719.807#2720.116
399	/	/	PUNCT	_	_	400	punct	_	@eie1987m-words#@eie1987m#2720.116#2720.425
400	основная	основной	ADJ	_	Case=Nom|Degree=Pos|Gender=Fem|Number=Sing	398	parataxis	_	@eie1987m-words#@eie1987m#2720.425#2720.734
401	/	/	PUNCT	_	_	402	punct	_	@eie1987m-words#@eie1987m#2720.734#2721.043
402	моя	мой	DET	_	Case=Nom|Gender=Fem|Number=Sing	400	det	_	@eie1987m-words#@eie1987m#2721.043#2721.352
403	как	как	ADV	_	Degree=Pos	405	advmod	_	@eie1987m-words#@eie1987m#2721.352#2721.661
404	бы	бы	PART	_	_	403	fixed	_	@eie1987m-words#@eie1987m#2721.661#2721.97
405	можно	можно	ADV	_	Degree=Pos	400	parataxis	_	@eie1987m-words#@eie1987m#2721.97#2722.279
406	сказать	сказать	VERB	_	Aspect=Perf|VerbForm=Inf|Voice=Act	405	csubj	_	@eie1987m-words#@eie1987m#2722.279#2722.588
407	семья	семья	NOUN	_	Animacy=Inan|Case=Nom|Gender=Fem|Number=Sing	406	nsubj	_	@eie1987m-words#@eie1987m#2722.588#2722.897
408	/	/	PUNCT	_	_	409	punct	_	@eie1987m-words#@eie1987m#2722.897#2723.206
409	вторая	второй	ADJ	_	Case=Nom|Degree=Pos|Gender=Fem|Number=Sing	407	acl	_	@eie1987m-words#@eie1987m#2723.206#2723.515
410	да	да	CCONJ	_	_	420	cc	_	@eie1987m-words#@eie1987m#2723.515#2723.853
411	вот	вот	PART	_	_	410	advmod	_	@eie1987m-words#@eie1987m#2724.731#2725.081
412	/	/	PUNCT	_	_	420	punct	_	@eie1987m-words#@eie1987m#2725.081#2725.431
413	так	так	ADV	_	Degree=Pos	418	mark	_	@eie1987m-words#@eie1987m#2725.431#2725.781
414	что	что	SCONJ	_	_	413	fixed	_	@eie1987m-words#@eie1987m#2725.781#2726.131
415	здорово	здорово	ADV	_	Degree=Pos	418	advmod	_	@eie1987m-words#@eie1987m#2726.131#2726.481
416	всё	весь	PRON	_	Animacy=Inan|Case=Acc|Gender=Neut|Number=Sing	418	obj	_	@eie1987m-words#@eie1987m#2726.481#2726.831
417	мы	мы	PRON	_	Case=Nom|Number=Plur|Person=1	418	nsubj	_	@eie1987m-words#@eie1987m#2726.831#2727.181
418	щас	сейчас	ADV	_	Degree=Pos	420	advcl	_	@eie1987m-words#@eie1987m#2727.181#2727.531
419	уже	уже	ADV	_	Degree=Pos	420	advmod	_	@eie1987m-words#@eie1987m#2727.531#2727.881
420	записали	записать	VERB	_	Aspect=Perf|Mood=Ind|Number=Plur|Tense=Past|VerbForm=Fin|Voice=Act	409	conj	_	@eie1987m-words#@eie1987m#2727.881#2728.231
421	/	/	PUNCT	_	_	422	punct	_	@eie1987m-words#@eie1987m#2728.231#2728.581
422	#цокает#	#цокает#	X	_	_	420	obl	_	@eie1987m-words#@eie1987m#2728.581#2728.931
423	две	два	NUM	_	Animacy=Inan|Case=Acc|Gender=Fem	425	nummod:gov	_	@eie1987m-words#@eie1987m#2728.931#2729.281
424	новые	новый	ADJ	_	Animacy=Inan|Case=Acc|Degree=Pos|Number=Plur	425	amod	_	@eie1987m-words#@eie1987m#2729.281#2729.631
425	песни	песня	NOUN	_	Animacy=Inan|Case=Gen|Gender=Fem|Number=Sing	420	obl	_	@eie1987m-words#@eie1987m#2729.631#2729.981
426	/	/	PUNCT	_	_	431	punct	_	@eie1987m-words#@eie1987m#2729.981#2730.331
427	я	я	PRON	_	Case=Nom|Number=Sing|Person=1	428	nsubj	_	@eie1987m-words#@eie1987m#2730.331#2730.681
428	думаю	думать	VERB	_	Aspect=Imp|Mood=Ind|Number=Sing|Person=1|Tense=Pres|VerbForm=Fin|Voice=Act	431	parataxis	_	@eie1987m-words#@eie1987m#2730.681#2731.031
429	что	что	SCONJ	_	_	428	fixed	_	@eie1987m-words#@eie1987m#2731.031#2731.381
430	сперва	сперва	ADV	_	Degree=Pos	431	advmod	_	@eie1987m-words#@eie1987m#2731.381#2731.731
431	пойдёт	пойти	VERB	_	Aspect=Perf|Mood=Ind|Number=Sing|Person=3|Tense=Fut|VerbForm=Fin|Voice=Act	420	xcomp	_	@eie1987m-words#@eie1987m#2731.731#2732.081
432	сингл	сингл	NOUN	_	Animacy=Inan|Case=Nom|Gender=Masc|Number=Sing	431	nsubj	_	@eie1987m-words#@eie1987m#2732.081#2732.431
433	/	/	PUNCT	_	_	436	punct	_	@eie1987m-words#@eie1987m#2732.431#2732.781
434	потом	потом	ADV	_	Degree=Pos	436	advmod	_	@eie1987m-words#@eie1987m#2732.781#2733.131
435	уже	уже	ADV	_	Degree=Pos	436	obl	_	@eie1987m-words#@eie1987m#2733.131#2733.481
436	альбом	альбом	NOUN	_	Animacy=Anim|Case=Nom|Gender=Masc|Number=Sing	432	nmod	_	@eie1987m-words#@eie1987m#2733.481#2733.831
437	/	/	PUNCT	_	_	436	punct	_	@eie1987m-words#@eie1987m#2733.831#2734.181
438	будет	быть	AUX	_	Aspect=Imp|Mood=Ind|Number=Sing|Person=3|Tense=Pres|VerbForm=Fin|Voice=Act	444	cop	_	@eie1987m-words#@eie1987m#2734.181#2734.531
439	/	/	PUNCT	_	_	438	punct	_	@eie1987m-words#@eie1987m#2734.531#2734.881
440	воот	вот	PART	_	_	444	parataxis	_	@eie1987m-words#@eie1987m#2734.881#2735.231
441	/	/	PUNCT	_	_	440	punct	_	@eie1987m-words#@eie1987m#2735.231#2735.581
442	также	также	ADV	_	Degree=Pos	444	parataxis	_	@eie1987m-words#@eie1987m#2735.581#2735.931
443	/	/	PUNCT	_	_	442	punct	_	@eie1987m-words#@eie1987m#2735.931#2736.281
444	ммм	мм	INTJ	_	_	431	obj	_	@eie1987m-words#@eie1987m#2736.281#2736.631
445	/	/	PUNCT	_	_	448	punct	_	@eie1987m-words#@eie1987m#2736.631#2736.981
446	мы	мы	PRON	_	Case=Nom|Number=Plur|Person=1	448	nsubj	_	@eie1987m-words#@eie1987m#2736.981#2737.331
447	уже	уже	ADV	_	Degree=Pos	448	advmod	_	@eie1987m-words#@eie1987m#2737.331#2737.681
448	сказали	сказать	VERB	_	Aspect=Perf|Mood=Ind|Number=Plur|Tense=Past|VerbForm=Fin|Voice=Act	471	parataxis	_	@eie1987m-words#@eie1987m#2737.681#2738.031
449	о	о	ADP	_	_	450	case	_	@eie1987m-words#@eie1987m#2738.031#2738.381
450	том	то	PRON	_	Animacy=Inan|Case=Loc|Gender=Neut|Number=Sing	448	obl	_	@eie1987m-words#@eie1987m#2738.381#2738.731
451	что	что	SCONJ	_	_	455	mark	_	@eie1987m-words#@eie1987m#2738.731#2739.081
452	/	/	PUNCT	_	_	451	punct	_	@eie1987m-words#@eie1987m#2739.081#2739.431
453	ээ	ээ	INTJ	_	_	455	parataxis	_	@eie1987m-words#@eie1987m#2739.431#2739.781
454	/	/	PUNCT	_	_	453	punct	_	@eie1987m-words#@eie1987m#2739.781#2740.131
455	снят	снять	VERB	_	Aspect=Perf|Gender=Masc|Number=Sing|Tense=Past|Variant=Short|VerbForm=Part|Voice=Pass	450	acl	_	@eie1987m-words#@eie1987m#2740.131#2740.481
456	клип	клип	NOUN	_	Animacy=Inan|Case=Nom|Gender=Masc|Number=Sing	455	nsubj:pass	_	@eie1987m-words#@eie1987m#2740.481#2740.831
457	/	/	PUNCT	_	_	455	punct	_	@eie1987m-words#@eie1987m#2740.831#2741.181
458	на	на	ADP	_	_	459	case	_	@eie1987m-words#@eie1987m#2741.181#2741.531
459	одну	один	NUM	_	Case=Acc|Gender=Fem	455	nummod:gov	_	@eie1987m-words#@eie1987m#2741.531#2741.881
460	из	из	ADP	_	_	462	case	_	@eie1987m-words#@eie1987m#2741.881#2742.231
461	новых	новый	ADJ	_	Case=Gen|Degree=Pos|Number=Plur	462	amod	_	@eie1987m-words#@eie1987m#2742.231#2742.581
462	песен	песня	NOUN	_	Animacy=Inan|Case=Gen|Gender=Fem|Number=Plur	459	nmod	_	@eie1987m-words#@eie1987m#2742.581#2742.951
463	вот	вот	PART	_	_	465	advmod	_	@eie1987m-words#@eie1987m#2744.561#2744.926
464	я	я	PRON	_	Case=Nom|Number=Sing|Person=1	465	nsubj	_	@eie1987m-words#@eie1987m#2744.926#2745.291
465	думаю	думать	VERB	_	Aspect=Imp|Mood=Ind|Number=Sing|Person=1|Tense=Pres|VerbForm=Fin|Voice=Act	471	parataxis	_	@eie1987m-words#@eie1987m#2745.291#2745.656
466	в	в	ADP	_	_	469	case	_	@eie1987m-words#@eie1987m#2745.656#2746.021
467	очень	очень	ADV	_	Degree=Pos	468	obl	_	@eie1987m-words#@eie1987m#2746.021#2746.386
468	скором	скорый	ADJ	_	Case=Loc|Degree=Pos|Gender=Neut|Number=Sing	469	amod	_	@eie1987m-words#@eie1987m#2746.386#2746.751
469	времени	время	NOUN	_	Animacy=Inan|Case=Loc|Gender=Neut|Number=Sing	465	obl	_	@eie1987m-words#@eie1987m#2746.751#2747.116
470	его	он	PRON	_	Case=Acc|Gender=Masc|Number=Sing|Person=3	473	obj	_	@eie1987m-words#@eie1987m#2747.116#2747.481
471	можно	можно	ADV	_	Degree=Pos	431	conj	_	@eie1987m-words#@eie1987m#2747.481#2747.846
472	будет	быть	AUX	_	Aspect=Imp|Mood=Ind|Number=Sing|Person=3|Tense=Pres|VerbForm=Fin|Voice=Act	471	cop	_	@eie1987m-words#@eie1987m#2747.846#2748.211
473	увидеть	увидеть	VERB	_	Aspect=Perf|VerbForm=Inf|Voice=Act	471	csubj	_	@eie1987m-words#@eie1987m#2748.211#2748.576
474	но	но	CCONJ	_	_	479	cc	_	@eie1987m-words#@eie1987m#2748.576#2748.941
475	/	/	PUNCT	_	_	479	punct	_	@eie1987m-words#@eie1987m#2748.941#2749.306
476	пока	пока	ADV	_	Degree=Pos	477	advmod	_	@eie1987m-words#@eie1987m#2749.306#2749.671
477	точно	точно	ADV	_	Degree=Pos	479	advmod	_	@eie1987m-words#@eie1987m#2749.671#2750.036
478	не	не	PART	_	_	479	advmod	_	@eie1987m-words#@eie1987m#2750.036#2750.401
479	могу	мочь	VERB	_	Aspect=Imp|Mood=Ind|Number=Sing|Person=1|Tense=Pres|VerbForm=Fin|Voice=Act	473	conj	_	@eie1987m-words#@eie1987m#2750.401#2750.766
480	сказать	сказать	VERB	_	Aspect=Perf|VerbForm=Inf|Voice=Act	479	xcomp	_	@eie1987m-words#@eie1987m#2750.766#2751.131
481	/	/	PUNCT	_	_	487	punct	_	@eie1987m-words#@eie1987m#2751.131#2751.496
482	мы	мы	PRON	_	Case=Nom|Number=Plur|Person=1	487	nsubj	_	@eie1987m-words#@eie1987m#2751.496#2751.861
483	этот	этот	DET	_	Case=Acc|Gender=Masc|Number=Sing	484	det	_	@eie1987m-words#@eie1987m#2751.861#2752.226
484	момент	момент	NOUN	_	Animacy=Inan|Case=Acc|Gender=Masc|Number=Sing	487	obj	_	@eie1987m-words#@eie1987m#2752.226#2752.591
485	ещё	еще	ADV	_	Degree=Pos	487	advmod	_	@eie1987m-words#@eie1987m#2752.591#2752.956
486	не	не	PART	_	_	487	advmod	_	@eie1987m-words#@eie1987m#2752.956#2753.321
487	обсуждали	обсуждать	VERB	_	Aspect=Imp|Mood=Ind|Number=Plur|Tense=Past|VerbForm=Fin|Voice=Act	479	ccomp	_	@eie1987m-words#@eie1987m#2753.321#2753.686
488	/	/	PUNCT	_	_	489	punct	_	@eie1987m-words#@eie1987m#2753.686#2754.051
489	вот	вот	PART	_	_	497	parataxis	_	@eie1987m-words#@eie1987m#2754.051#2754.416
490	/	/	PUNCT	_	_	489	punct	_	@eie1987m-words#@eie1987m#2754.416#2754.781
491	ааа	а	INTJ	_	_	497	nsubj	_	@eie1987m-words#@eie1987m#2754.781#2755.146
492	/	/	PUNCT	_	_	493	punct	_	@eie1987m-words#@eie1987m#2755.146#2755.511
493	постановка	постановка	NOUN	_	Animacy=Inan|Case=Nom|Gender=Fem|Number=Sing	491	nmod	_	@eie1987m-words#@eie1987m#2755.511#2755.878
494	постановка	постановка	NOUN	_	Animacy=Inan|Case=Nom|Gender=Fem|Number=Sing	493	nmod	_	@eie1987m-words#@eie1987m#2756.585#2756.917
495	Эльфийской	Эльфийский	ADJ	_	Case=Gen|Degree=Pos|Gender=Fem|Number=Sing	496	amod	_	@eie1987m-words#@eie1987m#2756.917#2757.249
496	рукописи	рукопись	NOUN	_	Animacy=Inan|Case=Gen|Gender=Fem|Number=Sing	494	nmod	_	@eie1987m-words#@eie1987m#2757.249#2757.581
497	пройдёт	пройти	VERB	_	Aspect=Perf|Mood=Ind|Number=Sing|Person=3|Tense=Fut|VerbForm=Fin|Voice=Act	487	conj	_	@eie1987m-words#@eie1987m#2757.581#2757.913
498	в	в	ADP	_	_	499	case	_	@eie1987m-words#@eie1987m#2757.913#2758.245
499	декабре	декабрь	NOUN	_	Animacy=Inan|Case=Loc|Gender=Masc|Number=Sing	497	obl	_	@eie1987m-words#@eie1987m#2758.245#2758.577
500	/	/	PUNCT	_	_	502	punct	_	@eie1987m-words#@eie1987m#2758.577#2758.909
501	в	в	ADP	_	_	502	case	_	@eie1987m-words#@eie1987m#2758.909#2759.241
502	Москве	Москва	PROPN	_	Animacy=Inan|Case=Loc|Gender=Fem|Number=Sing	497	obl	_	@eie1987m-words#@eie1987m#2759.241#2759.573
503	в	в	ADP	_	_	505	case	_	@eie1987m-words#@eie1987m#2759.573#2759.905
504	двух	два	NUM	_	Case=Loc	505	nummod	_	@eie1987m-words#@eie1987m#2759.905#2760.237
505	частях	часть	NOUN	_	Animacy=Inan|Case=Loc|Gender=Fem|Number=Plur	497	obl	_	@eie1987m-words#@eie1987m#2760.237#2760.569
506	/	/	PUNCT	_	_	507	punct	_	@eie1987m-words#@eie1987m#2760.569#2760.901
507	аа	а	_	_	_	505	nmod	_	@eie1987m-words#@eie1987m#2760.901#2761.233
508	/	/	PUNCT	_	_	512	punct	_	@eie1987m-words#@eie1987m#2761.233#2761.565
509	уже	уже	ADV	_	Degree=Pos	512	obl	_	@eie1987m-words#@eie1987m#2761.565#2761.897
510	даже	даже	PART	_	_	512	advmod	_	@eie1987m-words#@eie1987m#2761.897#2762.229
511	есть	быть	AUX	_	Aspect=Imp|Mood=Ind|Number=Sing|Person=3|Tense=Pres|VerbForm=Fin|Voice=Act	512	cop	_	@eie1987m-words#@eie1987m#2762.229#2762.561
512	дата	дата	NOUN	_	Animacy=Inan|Case=Nom|Gender=Fem|Number=Sing	507	conj	_	@eie1987m-words#@eie1987m#2762.561#2762.893
513	/	/	PUNCT	_	_	515	punct	_	@eie1987m-words#@eie1987m#2762.893#2763.225
514	двадцать	двадцать	NUM	_	Case=Nom	515	nummod:gov	_	@eie1987m-words#@eie1987m#2763.225#2763.557
515	второе	второй	ADJ	_	Case=Nom|Degree=Pos|Gender=Neut|Number=Sing	512	nsubj	_	@eie1987m-words#@eie1987m#2763.557#2763.889
516	если	если	SCONJ	_	_	519	mark	_	@eie1987m-words#@eie1987m#2763.889#2764.221
517	ничего	ничто	PRON	_	Case=Nom	519	nsubj	_	@eie1987m-words#@eie1987m#2764.221#2764.553
518	не	не	PART	_	_	519	advmod	_	@eie1987m-words#@eie1987m#2764.553#2764.885
519	изменится	измениться	VERB	_	Aspect=Perf|Mood=Ind|Number=Sing|Person=3|Tense=Fut|VerbForm=Fin|Voice=Mid	524	advcl	_	@eie1987m-words#@eie1987m#2764.885#2765.217
520	/	/	PUNCT	_	_	519	punct	_	@eie1987m-words#@eie1987m#2765.217#2765.549
521	то	то	SCONJ	_	_	524	mark	_	@eie1987m-words#@eie1987m#2765.549#2765.881
522	двадцать	двадцать	NUM	_	Case=Nom	523	nummod:gov	_	@eie1987m-words#@eie1987m#2765.881#2766.213
523	второго	второй	ADJ	_	Case=Gen|Degree=Pos|Gender=Masc|Number=Sing	524	amod	_	@eie1987m-words#@eie1987m#2766.213#2766.545
524	декабря	декабрь	NOUN	_	Animacy=Inan|Case=Gen|Gender=Masc|Number=Sing	515	obl	_	@eie1987m-words#@eie1987m#2766.545#2766.877
525	/	/	PUNCT	_	_	556	punct	_	@eie1987m-words#@eie1987m#2766.877#2767.209
526	я	я	PRON	_	Case=Nom|Number=Sing|Person=1	530	nsubj	_	@eie1987m-words#@eie1987m#2767.209#2767.541
527	вот	вот	PART	_	_	530	advmod	_	@eie1987m-words#@eie1987m#2767.541#2767.873
528	даже	даже	PART	_	_	529	advmod	_	@eie1987m-words#@eie1987m#2767.873#2768.205
529	прям	прямо	ADV	_	Degree=Pos	530	iobj	_	@eie1987m-words#@eie1987m#2768.205#2768.537
530	проверю	проверить	VERB	_	Aspect=Perf|Mood=Ind|Number=Sing|Person=1|Tense=Fut|VerbForm=Fin|Voice=Act	515	conj	_	@eie1987m-words#@eie1987m#2768.537#2768.869
531	чтобы	чтобы	SCONJ	_	Mood=Cnd	534	mark	_	@eie1987m-words#@eie1987m#2768.869#2769.201
532	ничего	ничто	PRON	_	Case=Acc	534	obl	_	@eie1987m-words#@eie1987m#2769.201#2769.533
533	не	не	PART	_	_	534	advmod	_	@eie1987m-words#@eie1987m#2769.533#2769.865
534	перепутать	перепутать	VERB	_	Aspect=Perf|VerbForm=Inf|Voice=Act	530	advcl	_	@eie1987m-words#@eie1987m#2769.865#2770.197
535	/	/	PUNCT	_	_	534	punct	_	@eie1987m-words#@eie1987m#2770.197#2770.529
536	потому	потому	ADV	_	Degree=Pos	556	mark	_	@eie1987m-words#@eie1987m#2770.529#2770.861
537	что	что	SCONJ	_	_	536	fixed	_	@eie1987m-words#@eie1987m#2770.861#2771.193
538	дат	дата	NOUN	_	Animacy=Inan|Case=Gen|Gender=Masc|Number=Plur	556	nsubj	_	@eie1987m-words#@eie1987m#2771.193#2771.525
539	в	в	ADP	_	_	540	case	_	@eie1987m-words#@eie1987m#2771.525#2771.857
540	голове	голова	NOUN	_	Animacy=Inan|Case=Loc|Gender=Fem|Number=Sing	538	nmod	_	@eie1987m-words#@eie1987m#2771.857#2772.189
541	очень	очень	ADV	_	Degree=Pos	542	advmod	_	@eie1987m-words#@eie1987m#2772.189#2772.521
542	много	много	ADV	_	Degree=Pos	556	advmod	_	@eie1987m-words#@eie1987m#2772.521#2772.878
543	да	да	PART	_	_	556	parataxis	_	@eie1987m-words#@eie1987m#2773.951#2774.197
544	/	/	PUNCT	_	_	543	punct	_	@eie1987m-words#@eie1987m#2774.197#2774.443
545	двадцать	двадцать	NUM	_	Case=Nom	546	nummod:gov	_	@eie1987m-words#@eie1987m#2774.443#2774.689
546	второе	второй	ADJ	_	Case=Nom|Degree=Pos|Gender=Neut|Number=Sing	556	obj	_	@eie1987m-words#@eie1987m#2774.689#2774.935
547	декабря	декабрь	NOUN	_	Animacy=Inan|Case=Gen|Gender=Masc|Number=Sing	546	nmod	_	@eie1987m-words#@eie1987m#2774.935#2775.181
548	/	/	PUNCT	_	_	550	punct	_	@eie1987m-words#@eie1987m#2775.181#2775.427
549	всё	все	PRON	_	Animacy=Inan|Case=Nom|Gender=Neut|Number=Sing	550	nsubj	_	@eie1987m-words#@eie1987m#2775.427#2775.673
550	верно	верно	ADV	_	Degree=Pos	556	parataxis	_	@eie1987m-words#@eie1987m#2775.673#2775.926
551	всех	все	DET	_	Case=Gen|Number=Plur	552	det	_	@eie1987m-words#@eie1987m#2777.024#2777.428
552	ждём	ждать	VERB	_	Aspect=Imp|Mood=Ind|Number=Plur|Person=1|Tense=Pres|VerbForm=Fin|Voice=Act	556	obl	_	@eie1987m-words#@eie1987m#2777.428#2777.832
553	это	это	PRON	_	Animacy=Inan|Case=Nom|Gender=Neut|Number=Sing	556	nsubj	_	@eie1987m-words#@eie1987m#2777.832#2778.236
554	будет	быть	AUX	_	Aspect=Imp|Mood=Ind|Number=Sing|Person=3|Tense=Pres|VerbForm=Fin|Voice=Act	556	aux	_	@eie1987m-words#@eie1987m#2778.236#2778.64
555	незабываемо	незабываемо	ADV	_	Degree=Pos	556	advmod	_	@eie1987m-words#@eie1987m#2778.64#2779.048
556	постараемся	постараться	VERB	_	Aspect=Perf|Mood=Ind|Number=Plur|Person=1|Tense=Fut|VerbForm=Fin|Voice=Mid	530	advcl	_	@eie1987m-words#@eie1987m#2779.243#2779.592
557	сделать	сделать	VERB	_	Aspect=Perf|VerbForm=Inf|Voice=Act	579	xcomp	_	@eie1987m-words#@eie1987m#2779.592#2779.941
558	максимально	максимально	ADV	_	Degree=Pos	579	advmod	_	@eie1987m-words#@eie1987m#2779.941#2780.29
559	/	/	PUNCT	_	_	558	punct	_	@eie1987m-words#@eie1987m#2780.29#2780.639
560	вот	вот	PART	_	_	558	advmod	_	@eie1987m-words#@eie1987m#2780.639#2780.988
561	/	/	PUNCT	_	_	563	punct	_	@eie1987m-words#@eie1987m#2780.988#2781.337
562	как	как	SCONJ	_	_	563	mark	_	@eie1987m-words#@eie1987m#2781.337#2781.686
563	это	это	PRON	_	Animacy=Inan|Case=Nom|Gender=Neut|Number=Sing	579	parataxis	_	@eie1987m-words#@eie1987m#2781.686#2782.035
564	/	/	PUNCT	_	_	563	punct	_	@eie1987m-words#@eie1987m#2782.035#2782.384
565	в	в	ADP	_	_	567	case	_	@eie1987m-words#@eie1987m#2782.384#2782.733
566	нашем	наш	DET	_	Case=Loc|Gender=Masc|Number=Sing	567	det	_	@eie1987m-words#@eie1987m#2782.733#2783.082
567	духе	дух	NOUN	_	Animacy=Inan|Case=Loc|Gender=Masc|Number=Sing	579	obl	_	@eie1987m-words#@eie1987m#2783.082#2783.439
568	да	да	CCONJ	_	_	572	cc	_	@eie1987m-words#@eie1987m#2787.097#2787.375
569	и	и	PART	_	_	568	advmod	_	@eie1987m-words#@eie1987m#2787.375#2787.653
570	про	про	ADP	_	_	572	case	_	@eie1987m-words#@eie1987m#2787.653#2787.931
571	сольный	сольный	ADJ	_	Animacy=Inan|Case=Acc|Degree=Pos|Gender=Masc|Number=Sing	572	amod	_	@eie1987m-words#@eie1987m#2787.931#2788.209
572	альбом	альбом	NOUN	_	Animacy=Inan|Case=Acc|Gender=Masc|Number=Sing	579	obl	_	@eie1987m-words#@eie1987m#2788.209#2788.487
573	/	/	PUNCT	_	_	574	punct	_	@eie1987m-words#@eie1987m#2788.487#2788.765
574	аа	а	INTJ	_	_	572	nmod	_	@eie1987m-words#@eie1987m#2788.765#2789.043
575	/	/	PUNCT	_	_	576	punct	_	@eie1987m-words#@eie1987m#2789.043#2789.321
576	любить	любить	VERB	_	Aspect=Imp|VerbForm=Inf|Voice=Act	579	advcl	_	@eie1987m-words#@eie1987m#2789.321#2789.599
577	дракона	дракон	NOUN	_	Animacy=Anim|Case=Acc|Gender=Masc|Number=Sing	576	obj	_	@eie1987m-words#@eie1987m#2789.599#2789.878
578	альбом	альбом	NOUN	_	Animacy=Inan|Case=Nom|Gender=Masc|Number=Sing	576	obl	_	@eie1987m-words#@eie1987m#2790.78#2791.061
579	вышел	выйти	VERB	_	Aspect=Perf|Gender=Masc|Mood=Ind|Number=Sing|Tense=Past|VerbForm=Fin|Voice=Act	556	conj	_	@eie1987m-words#@eie1987m#2791.061#2791.342
580	/	/	PUNCT	_	_	586	punct	_	@eie1987m-words#@eie1987m#2791.342#2791.623
581	купить	купить	VERB	_	Aspect=Perf|VerbForm=Inf|Voice=Act	586	csubj	_	@eie1987m-words#@eie1987m#2791.623#2791.904
582	его	он	PRON	_	Case=Acc|Gender=Masc|Number=Sing|Person=3	581	obj	_	@eie1987m-words#@eie1987m#2791.904#2792.185
583	по-моему	по-моему	ADV	_	Degree=Pos	586	parataxis	_	@eie1987m-words#@eie1987m#2792.185#2792.466
584	уже	уже	ADV	_	Degree=Pos	585	advmod	_	@eie1987m-words#@eie1987m#2792.466#2792.747
585	щас	сейчас	ADV	_	Degree=Pos	586	advmod	_	@eie1987m-words#@eie1987m#2792.747#2793.028
586	нельзя	нельзя	ADV	_	Degree=Pos	579	acl:relcl	_	@eie1987m-words#@eie1987m#2793.028#2793.317
587	ээ	ээ	INTJ	_	_	586	advmod	_	@eie1987m-words#@eie1987m#2794.0#2794.394
588	/	/	PUNCT	_	_	591	punct	_	@eie1987m-words#@eie1987m#2794.394#2794.788
589	те	тот	DET	_	Case=Nom|Number=Plur	590	det	_	@eie1987m-words#@eie1987m#2794.788#2795.182
590	кто	кто	PRON	_	Case=Nom	591	nsubj	_	@eie1987m-words#@eie1987m#2795.182#2795.576
591	участвовал	участвовать	VERB	_	Aspect=Imp|Gender=Masc|Mood=Ind|Number=Sing|Tense=Past|VerbForm=Fin|Voice=Act	587	acl:relcl	_	@eie1987m-words#@eie1987m#2795.576#2795.97
592	/	/	PUNCT	_	_	594	punct	_	@eie1987m-words#@eie1987m#2795.97#2796.364
593	в	в	ADP	_	_	594	case	_	@eie1987m-words#@eie1987m#2796.364#2796.758
594	крауде	крауд	NOUN	_	Animacy=Inan|Case=Loc|Gender=Masc|Number=Sing	591	obl	_	@eie1987m-words#@eie1987m#2796.758#2797.152
595	/	/	PUNCT	_	_	598	punct	_	@eie1987m-words#@eie1987m#2797.152#2797.546
596	тот	тот	DET	_	Case=Nom|Gender=Masc|Number=Sing	598	nsubj	_	@eie1987m-words#@eie1987m#2797.546#2797.94
597	уже	уже	ADV	_	Degree=Pos	598	advmod	_	@eie1987m-words#@eie1987m#2797.94#2798.334
598	приобрёл	приобрести	VERB	_	Aspect=Perf|Gender=Masc|Mood=Ind|Number=Sing|Tense=Past|VerbForm=Fin|Voice=Act	591	conj	_	@eie1987m-words#@eie1987m#2798.334#2798.731
599	вот	вот	PART	_	_	598	advmod	_	@eie1987m-words#@eie1987m#2799.804#2800.121
600	/	/	PUNCT	_	_	601	punct	_	@eie1987m-words#@eie1987m#2800.121#2800.438
601	послушать	послушать	VERB	_	Aspect=Perf|VerbForm=Inf|Voice=Act	603	csubj	_	@eie1987m-words#@eie1987m#2800.438#2800.755
602	его	он	PRON	_	Case=Acc|Gender=Masc|Number=Sing|Person=3	601	obj	_	@eie1987m-words#@eie1987m#2800.755#2801.072
603	можно	можно	ADV	_	Degree=Pos	598	advmod	_	@eie1987m-words#@eie1987m#2801.072#2801.389
604	вконтакте	вконтакт	NOUN	_	Animacy=Inan|Case=Loc|Gender=Masc|Number=Sing	662	xcomp	_	@eie1987m-words#@eie1987m#2801.389#2801.706
605	/	/	PUNCT	_	_	607	punct	_	@eie1987m-words#@eie1987m#2801.706#2802.023
606	вы	вы	PRON	_	Case=Nom|Number=Plur|Person=2	607	nsubj	_	@eie1987m-words#@eie1987m#2802.023#2802.34
607	можете	мочь	VERB	_	Aspect=Imp|Mood=Ind|Number=Plur|Person=2|Tense=Pres|VerbForm=Fin|Voice=Act	662	parataxis	_	@eie1987m-words#@eie1987m#2802.34#2802.657
608	зайти	зайти	VERB	_	Aspect=Perf|VerbForm=Inf|Voice=Act	607	xcomp	_	@eie1987m-words#@eie1987m#2802.657#2802.974
609	в	в	ADP	_	_	610	case	_	@eie1987m-words#@eie1987m#2802.974#2803.291
610	группу	группа	NOUN	_	Animacy=Inan|Case=Acc|Gender=Fem|Number=Sing	608	obl	_	@eie1987m-words#@eie1987m#2803.291#2803.608
611	forces	forces	X	_	Foreign=Yes	610	flat:foreign	_	@eie1987m-words#@eie1987m#2803.608#2803.925
612	united	united	X	_	Foreign=Yes	610	flat:foreign	_	@eie1987m-words#@eie1987m#2803.925#2804.242
613	/	/	PUNCT	_	_	607	punct	_	@eie1987m-words#@eie1987m#2804.242#2804.559
614	там	там	ADV	_	Degree=Pos	607	advmod	_	@eie1987m-words#@eie1987m#2804.559#2804.876
615	он	он	PRON	_	Case=Nom|Gender=Masc|Number=Sing|Person=3	607	nsubj	_	@eie1987m-words#@eie1987m#2804.876#2805.193
616	в	в	ADP	_	_	618	case	_	@eie1987m-words#@eie1987m#2805.193#2805.51
617	свободном	свободный	ADJ	_	Case=Loc|Degree=Pos|Gender=Masc|Number=Sing	618	amod	_	@eie1987m-words#@eie1987m#2805.51#2805.827
618	доступе	доступ	NOUN	_	Animacy=Inan|Case=Loc|Gender=Masc|Number=Sing	607	obl	_	@eie1987m-words#@eie1987m#2805.827#2806.144
619	/	/	PUNCT	_	_	620	punct	_	@eie1987m-words#@eie1987m#2806.144#2806.461
620	есть	быть	VERB	_	Aspect=Imp|Mood=Ind|Number=Sing|Person=3|Tense=Pres|VerbForm=Fin|Voice=Act	662	parataxis	_	@eie1987m-words#@eie1987m#2806.461#2806.78
621	ааа	а	INTJ	_	_	662	nsubj	_	@eie1987m-words#@eie1987m#2808.634#2809.17
622	/	/	PUNCT	_	_	623	punct	_	@eie1987m-words#@eie1987m#2809.17#2809.706
623	альбом	альбом	NOUN	_	Animacy=Inan|Case=Nom|Gender=Masc|Number=Sing	621	nmod	_	@eie1987m-words#@eie1987m#2809.706#2810.242
624	/	/	PUNCT	_	_	623	punct	_	@eie1987m-words#@eie1987m#2810.242#2810.778
625	по	по	ADP	_	_	627	case	_	@eie1987m-words#@eie1987m#2810.778#2811.314
626	большей	большой	ADJ	_	Case=Dat|Degree=Cmp|Gender=Fem|Number=Sing	627	amod	_	@eie1987m-words#@eie1987m#2811.314#2811.85
627	части	часть	NOUN	_	Animacy=Inan|Case=Dat|Gender=Fem|Number=Sing	662	obl	_	@eie1987m-words#@eie1987m#2811.85#2812.386
628	русскоязычный	русскоязычный	ADJ	_	Case=Nom|Degree=Pos|Gender=Masc|Number=Sing	627	acl	_	@eie1987m-words#@eie1987m#2812.386#2812.922
629	/	/	PUNCT	_	_	628	punct	_	@eie1987m-words#@eie1987m#2812.922#2813.458
630	вопреки	вопреки	ADP	_	_	631	case	_	@eie1987m-words#@eie1987m#2813.458#2813.994
631	тому	то	PRON	_	Animacy=Inan|Case=Dat|Gender=Neut|Number=Sing	628	obl	_	@eie1987m-words#@eie1987m#2813.994#2814.53
632	что	что	SCONJ	_	_	641	mark	_	@eie1987m-words#@eie1987m#2814.53#2815.066
633	Кирилл	Кирилл	PROPN	_	Animacy=Anim|Case=Nom|Gender=Masc|Number=Sing	641	nsubj	_	@eie1987m-words#@eie1987m#2815.066#2815.602
634	Немоляев	Немоляев	PROPN	_	Animacy=Anim|Case=Nom|Gender=Masc|Number=Sing	633	flat:name	_	@eie1987m-words#@eie1987m#2815.602#2816.138
635	/	/	PUNCT	_	_	633	punct	_	@eie1987m-words#@eie1987m#2816.138#2816.674
636	э	э	INTJ	_	_	639	parataxis	_	@eie1987m-words#@eie1987m#2816.674#2817.21
637	/	/	PUNCT	_	_	636	punct	_	@eie1987m-words#@eie1987m#2817.21#2817.746
638	не	не	PART	_	_	639	advmod	_	@eie1987m-words#@eie1987m#2817.746#2818.282
639	очень	очень	ADV	_	Degree=Pos	641	advmod	_	@eie1987m-words#@eie1987m#2818.282#2818.818
640	/	/	PUNCT	_	_	639	punct	_	@eie1987m-words#@eie1987m#2818.818#2819.354
641	недолюбливает	недолюбливать	VERB	_	Aspect=Imp|Mood=Ind|Number=Sing|Person=3|Tense=Pres|VerbForm=Fin|Voice=Act	631	acl	_	@eie1987m-words#@eie1987m#2819.354#2819.902
642	русский	русский	ADJ	_	Animacy=Inan|Case=Acc|Degree=Pos|Gender=Masc|Number=Sing	643	amod	_	@eie1987m-words#@eie1987m#2820.39#2820.644
643	язык	язык	NOUN	_	Animacy=Inan|Case=Acc|Gender=Masc|Number=Sing	641	obj	_	@eie1987m-words#@eie1987m#2820.644#2820.898
644	/	/	PUNCT	_	_	641	punct	_	@eie1987m-words#@eie1987m#2820.898#2821.152
645	ну	ну	PART	_	_	650	parataxis	_	@eie1987m-words#@eie1987m#2821.152#2821.406
646	потому	потому	ADV	_	Degree=Pos	650	mark	_	@eie1987m-words#@eie1987m#2821.406#2821.66
647	что	что	SCONJ	_	_	646	fixed	_	@eie1987m-words#@eie1987m#2821.66#2821.914
648	он	он	PRON	_	Case=Nom|Gender=Masc|Number=Sing|Person=3	650	nsubj	_	@eie1987m-words#@eie1987m#2821.914#2822.168
649	не	не	PART	_	_	650	advmod	_	@eie1987m-words#@eie1987m#2822.168#2822.422
650	певучий	певучий	NOUN	_	Animacy=Inan|Case=Gen|Gender=Neut|Number=Plur	627	nmod	_	@eie1987m-words#@eie1987m#2822.422#2822.676
651	просто	просто	PART	_	_	650	advmod	_	@eie1987m-words#@eie1987m#2822.676#2822.93
652	/	/	PUNCT	_	_	653	punct	_	@eie1987m-words#@eie1987m#2822.93#2823.184
653	поэт...	поэт...	PROPN	_	Animacy=Anim|Case=Dat|Gender=Fem|Number=Sing	650	parataxis	_	@eie1987m-words#@eie1987m#2823.184#2823.438
654	э	э	INTJ	_	_	653	flat:foreign	_	@eie1987m-words#@eie1987m#2823.438#2823.692
655	/	/	PUNCT	_	_	650	punct	_	@eie1987m-words#@eie1987m#2823.692#2823.946
656	поэтому	поэтому	ADV	_	Degree=Pos	662	advmod	_	@eie1987m-words#@eie1987m#2823.946#2824.2
657	только	только	PART	_	_	662	advmod	_	@eie1987m-words#@eie1987m#2824.2#2824.454
658	/	/	PUNCT	_	_	662	punct	_	@eie1987m-words#@eie1987m#2824.454#2824.708
659	вот	вот	PART	_	_	660	advmod	_	@eie1987m-words#@eie1987m#2824.708#2824.962
660	больше	больше	ADV	_	Degree=Cmp	662	advmod	_	@eie1987m-words#@eie1987m#2824.962#2825.216
661	он	он	PRON	_	Case=Nom|Gender=Masc|Number=Sing|Person=3	662	nsubj	_	@eie1987m-words#@eie1987m#2825.216#2825.47
662	предпочитает	предпочитать	VERB	_	Aspect=Imp|Mood=Ind|Number=Sing|Person=3|Tense=Pres|VerbForm=Fin|Voice=Act	603	csubj	_	@eie1987m-words#@eie1987m#2825.47#2825.724
663	английский	английский	ADJ	_	Animacy=Inan|Case=Acc|Degree=Pos|Gender=Masc|Number=Sing	662	obj	_	@eie1987m-words#@eie1987m#2825.724#2825.978
664	и	и	CCONJ	_	_	718	cc	_	@eie1987m-words#@eie1987m#2825.978#2826.232
665	/	/	PUNCT	_	_	718	punct	_	@eie1987m-words#@eie1987m#2826.232#2826.486
666	если	если	SCONJ	_	_	668	mark	_	@eie1987m-words#@eie1987m#2826.486#2826.74
667	ты	ты	PRON	_	Case=Nom|Number=Sing|Person=2	668	nsubj	_	@eie1987m-words#@eie1987m#2826.74#2826.994
668	послушаешь	послушать	VERB	_	Aspect=Imp|Mood=Ind|Number=Sing|Person=2|Tense=Pres|VerbForm=Fin|Voice=Act	718	advcl	_	@eie1987m-words#@eie1987m#2826.994#2827.248
669	/	/	PUNCT	_	_	668	punct	_	@eie1987m-words#@eie1987m#2827.248#2827.502
670	все	весь	DET	_	Case=Nom|Number=Plur	672	det	_	@eie1987m-words#@eie1987m#2827.502#2827.756
671	его	его	DET	_	_	672	det	_	@eie1987m-words#@eie1987m#2827.756#2828.01
672	релизы	релиз	NOUN	_	Animacy=Inan|Case=Nom|Gender=Masc|Number=Plur	718	nsubj	_	@eie1987m-words#@eie1987m#2828.01#2828.264
673	в	в	ADP	_	_	672	case	_	@eie1987m-words#@eie1987m#2828.264#2828.518
674	Forces	Forces	PROPN	_	Foreign=Yes	672	flat:foreign	_	@eie1987m-words#@eie1987m#2828.518#2828.772
675	United	United	PROPN	_	Foreign=Yes	672	flat:foreign	_	@eie1987m-words#@eie1987m#2828.772#2829.026
676	/	/	PUNCT	_	_	679	punct	_	@eie1987m-words#@eie1987m#2829.026#2829.28
677	то	то	SCONJ	_	_	679	mark	_	@eie1987m-words#@eie1987m#2829.28#2829.534
678	не	не	PART	_	_	679	advmod	_	@eie1987m-words#@eie1987m#2829.534#2829.788
679	найдёшь	найдёть	VERB	_	Aspect=Perf|Mood=Ind|Number=Sing|Person=2|Tense=Fut|VerbForm=Fin|Voice=Act	672	acl	_	@eie1987m-words#@eie1987m#2829.788#2830.042
680	по-моему	по-моему	ADV	_	Degree=Pos	679	advmod	_	@eie1987m-words#@eie1987m#2830.042#2830.296
681	там	там	ADV	_	Degree=Pos	680	advmod	_	@eie1987m-words#@eie1987m#2830.296#2830.55
682	ни	ни	PART	_	_	683	advmod	_	@eie1987m-words#@eie1987m#2830.55#2830.804
683	одной	один	NUM	_	Case=Gen|Gender=Fem	684	nummod	_	@eie1987m-words#@eie1987m#2830.804#2831.058
684	песни	песня	NOUN	_	Animacy=Inan|Case=Gen|Gender=Fem|Number=Sing	679	obl	_	@eie1987m-words#@eie1987m#2831.058#2831.312
685	на	на	ADP	_	_	687	case	_	@eie1987m-words#@eie1987m#2831.312#2831.566
686	русском	русский	ADJ	_	Case=Loc|Degree=Pos|Gender=Masc|Number=Sing	687	amod	_	@eie1987m-words#@eie1987m#2831.566#2831.82
687	языке	язык	NOUN	_	Animacy=Inan|Case=Loc|Gender=Masc|Number=Sing	679	obl	_	@eie1987m-words#@eie1987m#2831.82#2832.097
688	Бони	Бони	PROPN	_	Animacy=Anim|Case=Nom|Gender=Masc|Number=Sing	679	obl	_	@eie1987m-words#@eie1987m#2836.756#2837.107
689	НЕМ	НЕМ	PROPN	_	Animacy=Anim|Case=Nom|Gender=Masc|Number=Sing	692	nmod	_	@eie1987m-words#@eie1987m#2837.107#2837.458
690	это	это	PRON	_	Animacy=Inan|Case=Nom|Gender=Neut|Number=Sing	692	nsubj	_	@eie1987m-words#@eie1987m#2837.458#2837.809
691	другая	другой	ADJ	_	Case=Nom|Degree=Pos|Gender=Fem|Number=Sing	692	amod	_	@eie1987m-words#@eie1987m#2837.809#2838.16
692	история	история	NOUN	_	Animacy=Inan|Case=Nom|Gender=Fem|Number=Sing	672	parataxis	_	@eie1987m-words#@eie1987m#2838.16#2838.512
693	Forces	Forces	PROPN	_	Foreign=Yes	692	flat:foreign	_	@eie1987m-words#@eie1987m#2839.024#2839.347
694	United	United	PROPN	_	Foreign=Yes	692	flat:foreign	_	@eie1987m-words#@eie1987m#2839.347#2839.67
695	это	это	PRON	_	Animacy=Inan|Case=Nom|Gender=Neut|Number=Sing	706	cop	_	@eie1987m-words#@eie1987m#2839.67#2839.993
696	Кирилл	Кирилл	PROPN	_	Animacy=Inan|Case=Nom|Gender=Masc|Number=Sing	706	nmod	_	@eie1987m-words#@eie1987m#2839.993#2840.317
697	это	это	DET	_	Case=Nom|Gender=Neut|Number=Sing	699	det	_	@eie1987m-words#@eie1987m#2840.317#2840.642
698	его	его	DET	_	_	699	det	_	@eie1987m-words#@eie1987m#2840.642#2840.967
699	детище	детище	NOUN	_	Animacy=Inan|Case=Nom|Gender=Neut|Number=Sing	706	nsubj	_	@eie1987m-words#@eie1987m#2840.967#2841.292
700	/	/	PUNCT	_	_	699	punct	_	@eie1987m-words#@eie1987m#2841.292#2841.617
701	это	это	PRON	_	_	706	cop	_	@eie1987m-words#@eie1987m#2841.617#2841.942
702	вот	вот	PART	_	_	703	advmod	_	@eie1987m-words#@eie1987m#2841.942#2842.267
703	важная	важный	ADJ	_	Case=Nom|Degree=Pos|Gender=Fem|Number=Sing	706	amod	_	@eie1987m-words#@eie1987m#2842.267#2842.592
704	его	его	DET	_	_	706	det	_	@eie1987m-words#@eie1987m#2842.592#2842.917
705	вот	вот	PART	_	_	704	advmod	_	@eie1987m-words#@eie1987m#2842.917#2843.242
706	часть	часть	NOUN	_	Animacy=Inan|Case=Nom|Gender=Fem|Number=Sing	709	nsubj	_	@eie1987m-words#@eie1987m#2843.242#2843.567
707	жизни	жизнь	NOUN	_	Animacy=Inan|Case=Gen|Gender=Fem|Number=Sing	706	nmod	_	@eie1987m-words#@eie1987m#2843.567#2843.902
708	Бони	Бони	PROPN	_	Animacy=Anim|Case=Nom|Gender=Masc|Number=Sing	707	nmod	_	@eie1987m-words#@eie1987m#2844.829#2845.048
709	НЕМ	НЕМ	PROPN	_	Animacy=Anim|Case=Nom|Gender=Masc|Number=Sing	692	conj	_	@eie1987m-words#@eie1987m#2845.048#2845.267
710	да	да	PART	_	_	709	advmod	_	@eie1987m-words#@eie1987m#2845.267#2845.486
711	/	/	PUNCT	_	_	715	punct	_	@eie1987m-words#@eie1987m#2845.486#2845.705
712	да	да	PART	_	_	715	cc	_	@eie1987m-words#@eie1987m#2845.705#2845.924
713	конечно	конечно	ADV	_	Degree=Pos	715	parataxis	_	@eie1987m-words#@eie1987m#2845.924#2846.143
714	но	но	CCONJ	_	_	715	cc	_	@eie1987m-words#@eie1987m#2846.143#2846.362
715	там	там	ADV	_	Degree=Pos	709	advmod	_	@eie1987m-words#@eie1987m#2846.362#2846.581
716	другое	другой	ADJ	_	Case=Acc|Degree=Pos|Gender=Neut|Number=Sing	715	obj	_	@eie1987m-words#@eie1987m#2846.581#2846.8
717	/	/	PUNCT	_	_	709	punct	_	@eie1987m-words#@eie1987m#2846.8#2847.019
718	нет	нет	PART	_	_	662	conj	_	@eie1987m-words#@eie1987m#2847.019#2847.238
719	там	там	ADV	_	Degree=Pos	662	advmod	_	@eie1987m-words#@eie1987m#2847.238#2847.457
720	другое	другой	ADJ	_	Case=Acc|Degree=Pos|Gender=Neut|Number=Sing	662	obj	_	@eie1987m-words#@eie1987m#2847.457#2847.686
721	вот	вот	PART	_	_	722	advmod	_	@eie1987m-words#@eie1987m#2849.731#2850.39
722	всё	все	PRON	_	Animacy=Inan|Case=Nom|Gender=Neut|Number=Sing	720	obl	_	@eie1987m-words#@eie1987m#2851.0#2851.27
723	равно	равный	ADJ	_	Degree=Pos|Gender=Neut|Number=Sing|Variant=Short	722	fixed	_	@eie1987m-words#@eie1987m#2851.27#2851.54
724	вот	вот	PART	_	_	726	advmod	_	@eie1987m-words#@eie1987m#2851.54#2851.81
725	по	по	ADP	_	_	726	case	_	@eie1987m-words#@eie1987m#2851.81#2852.08
726	факту	факт	NOUN	_	Animacy=Inan|Case=Dat|Gender=Masc|Number=Sing	722	parataxis	_	@eie1987m-words#@eie1987m#2852.08#2852.35
727	/	/	PUNCT	_	_	734	punct	_	@eie1987m-words#@eie1987m#2852.35#2852.62
728	по	по	ADP	_	_	731	advmod	_	@eie1987m-words#@eie1987m#2852.62#2852.89
729	крайней	крайний	ADJ	_	Case=Dat|Degree=Pos|Gender=Fem|Number=Sing	728	fixed	_	@eie1987m-words#@eie1987m#2852.89#2853.16
730	мере	мера	NOUN	_	Animacy=Inan|Case=Dat|Gender=Fem|Number=Sing	728	fixed	_	@eie1987m-words#@eie1987m#2853.16#2853.43
731	всё	все	DET	_	Case=Acc|Gender=Neut|Number=Sing	732	det	_	@eie1987m-words#@eie1987m#2853.43#2853.7
732	что	что	PRON	_	Case=Acc	734	obj	_	@eie1987m-words#@eie1987m#2853.7#2853.97
733	я	я	PRON	_	Case=Nom|Number=Sing|Person=1	734	nsubj	_	@eie1987m-words#@eie1987m#2853.97#2854.24
734	слышал	слышать	VERB	_	Aspect=Imp|Gender=Masc|Mood=Ind|Number=Sing|Tense=Past|VerbForm=Fin|Voice=Act	726	parataxis	_	@eie1987m-words#@eie1987m#2854.24#2854.51
735	это	это	PRON	_	Animacy=Inan|Case=Acc|Gender=Neut|Number=Sing	741	obj	_	@eie1987m-words#@eie1987m#2854.51#2854.78
736	то	то	DET	_	Case=Acc|Gender=Neut|Number=Sing	735	det	_	@eie1987m-words#@eie1987m#2854.78#2855.05
737	что	что	PRON	_	Case=Acc	741	obj	_	@eie1987m-words#@eie1987m#2855.05#2855.32
738	я	я	PRON	_	Case=Nom|Number=Sing|Person=1	741	nsubj	_	@eie1987m-words#@eie1987m#2855.32#2855.59
739	от	от	ADP	_	_	740	case	_	@eie1987m-words#@eie1987m#2855.59#2855.86
740	него	он	PRON	_	Case=Gen|Gender=Masc|Number=Sing|Person=3	741	obl	_	@eie1987m-words#@eie1987m#2855.86#2856.13
741	слышал	слышать	VERB	_	Aspect=Imp|Gender=Masc|Mood=Ind|Number=Sing|Tense=Past|VerbForm=Fin|Voice=Act	734	ccomp	_	@eie1987m-words#@eie1987m#2856.13#2856.4
742	/	/	PUNCT	_	_	748	punct	_	@eie1987m-words#@eie1987m#2856.4#2856.67
743	он	он	PRON	_	Case=Nom|Gender=Masc|Number=Sing|Person=3	748	nsubj	_	@eie1987m-words#@eie1987m#2856.67#2856.94
744	если	если	SCONJ	_	_	748	mark	_	@eie1987m-words#@eie1987m#2856.94#2857.21
745	что	что	PRON	_	Case=Acc	748	obj	_	@eie1987m-words#@eie1987m#2857.21#2857.48
746	меня	я	PRON	_	Case=Acc|Number=Sing|Person=1	748	obj	_	@eie1987m-words#@eie1987m#2857.48#2857.75
747	подпра...	поправить	VERB	_	Aspect=Perf|Mood=Ind|Number=Sing|Person=3|Tense=Fut|VerbForm=Fin|Voice=Act	748	nsubj	_	@eie1987m-words#@eie1987m#2857.75#2858.02
748	поправит	поправить	VERB	_	Aspect=Perf|Mood=Ind|Number=Sing|Person=3|Tense=Fut|VerbForm=Fin|Voice=Act	734	conj	_	@eie1987m-words#@eie1987m#2858.02#2858.29
749	/	/	PUNCT	_	_	748	punct	_	@eie1987m-words#@eie1987m#2858.29#2858.56
750	русский	русский	ADJ	_	Animacy=Inan|Case=Nom|Degree=Pos|Gender=Masc|Number=Sing	751	amod	_	@eie1987m-words#@eie1987m#2858.56#2858.83
751	язык	язык	NOUN	_	Animacy=Inan|Case=Nom|Gender=Masc|Number=Sing	748	obj	_	@eie1987m-words#@eie1987m#2858.83#2859.1
752	вот	вот	PART	_	_	753	advmod	_	@eie1987m-words#@eie1987m#2859.1#2859.37
753	непевучий	непевучий	ADJ	_	Animacy=Inan|Case=Nom|Degree=Pos|Gender=Masc|Number=Sing	751	acl	_	@eie1987m-words#@eie1987m#2859.37#2859.64
754	нет	нет	PART	_	_	761	advmod	_	@eie1987m-words#@eie1987m#2859.64#2859.91
755	вот	вот	PART	_	_	761	advmod	_	@eie1987m-words#@eie1987m#2859.91#2860.18
756	для	для	ADP	_	_	755	case	_	@eie1987m-words#@eie1987m#2860.18#2860.45
757	/	/	PUNCT	_	_	755	punct	_	@eie1987m-words#@eie1987m#2860.45#2860.72
758	Forces	Forces	PROPN	_	Foreign=Yes	761	nsubj	_	@eie1987m-words#@eie1987m#2860.72#2860.99
759	United	United	PROPN	_	Foreign=Yes	758	flat:foreign	_	@eie1987m-words#@eie1987m#2860.99#2861.26
760	не	не	PART	_	_	761	advmod	_	@eie1987m-words#@eie1987m#2861.26#2861.53
761	подходит	подходить	VERB	_	Aspect=Imp|Mood=Ind|Number=Sing|Person=3|Tense=Pres|VerbForm=Fin|Voice=Act	753	conj	_	@eie1987m-words#@eie1987m#2861.53#2861.8
762	/	/	PUNCT	_	_	775	punct	_	@eie1987m-words#@eie1987m#2861.8#2862.07
763	хотя	хотя	SCONJ	_	_	775	mark	_	@eie1987m-words#@eie1987m#2862.07#2862.34
764	вот	вот	PART	_	_	765	advmod	_	@eie1987m-words#@eie1987m#2862.34#2862.61
765	то	то	PRON	_	Animacy=Inan|Case=Nom|Gender=Neut|Number=Sing	775	mark	_	@eie1987m-words#@eie1987m#2862.61#2862.88
766	что	что	SCONJ	_	_	765	fixed	_	@eie1987m-words#@eie1987m#2862.88#2863.15
767	мы	мы	PRON	_	Case=Nom|Number=Plur|Person=1	775	nsubj	_	@eie1987m-words#@eie1987m#2863.15#2863.42
768	с	с	ADP	_	_	769	case	_	@eie1987m-words#@eie1987m#2863.42#2863.69
769	ним	он	PRON	_	Case=Ins|Gender=Masc|Number=Sing|Person=3	770	obl	_	@eie1987m-words#@eie1987m#2863.69#2863.96
770	делаем	делать	VERB	_	Aspect=Imp|Mood=Ind|Number=Plur|Person=1|Tense=Pres|VerbForm=Fin|Voice=Act	775	csubj	_	@eie1987m-words#@eie1987m#2863.96#2864.23
771	мне	я	PRON	_	Case=Dat|Number=Sing|Person=1	772	iobj	_	@eie1987m-words#@eie1987m#2864.23#2864.5
772	кажется	казаться	VERB	_	Aspect=Imp|Mood=Ind|Number=Sing|Person=3|Tense=Pres|VerbForm=Fin|Voice=Mid	775	parataxis	_	@eie1987m-words#@eie1987m#2864.5#2864.77
773	очень	очень	ADV	_	Degree=Pos	774	obl	_	@eie1987m-words#@eie1987m#2864.77#2865.04
774	удачное	удачный	ADJ	_	Case=Acc|Degree=Pos|Gender=Neut|Number=Sing	775	amod	_	@eie1987m-words#@eie1987m#2865.04#2865.31
775	получилось	получиться	VERB	_	Aspect=Perf|Gender=Neut|Mood=Ind|Number=Sing|Tense=Past|VerbForm=Fin|Voice=Mid	761	advcl	_	@eie1987m-words#@eie1987m#2865.31#2865.58
776	/	/	PUNCT	_	_	780	punct	_	@eie1987m-words#@eie1987m#2865.58#2865.85
777	и	и	CCONJ	_	_	780	cc	_	@eie1987m-words#@eie1987m#2865.85#2866.12
778	мы	мы	PRON	_	Case=Nom|Number=Plur|Person=1	780	nsubj	_	@eie1987m-words#@eie1987m#2866.12#2866.39
779	это	это	PRON	_	Animacy=Inan|Case=Acc|Gender=Neut|Number=Sing	780	obj	_	@eie1987m-words#@eie1987m#2866.39#2866.66
780	сделали	сделать	VERB	_	Aspect=Perf|Mood=Ind|Number=Plur|Tense=Past|VerbForm=Fin|Voice=Act	775	conj	_	@eie1987m-words#@eie1987m#2866.66#2866.93
781	специально	специально	ADV	_	Degree=Pos	784	advmod	_	@eie1987m-words#@eie1987m#2866.93#2867.2
782	для	для	ADP	_	_	784	case	_	@eie1987m-words#@eie1987m#2867.2#2867.47
783	/	/	PUNCT	_	_	784	punct	_	@eie1987m-words#@eie1987m#2867.47#2867.74
784	э	э	INTJ	_	_	794	obl	_	@eie1987m-words#@eie1987m#2867.74#2868.01
785	/	/	PUNCT	_	_	784	punct	_	@eie1987m-words#@eie1987m#2868.01#2868.28
786	для	для	ADP	_	_	787	case	_	@eie1987m-words#@eie1987m#2868.28#2868.55
787	слушателей	слушатель	NOUN	_	Animacy=Anim|Case=Gen|Gender=Masc|Number=Plur	784	obl	_	@eie1987m-words#@eie1987m#2868.55#2868.82
788	для	для	ADP	_	_	789	case	_	@eie1987m-words#@eie1987m#2868.82#2869.09
789	людей	человек	NOUN	_	Animacy=Anim|Case=Gen|Gender=Masc|Number=Plur	794	obl	_	@eie1987m-words#@eie1987m#2869.09#2869.36
790	которые	который	PRON	_	Case=Nom	794	nsubj	_	@eie1987m-words#@eie1987m#2869.36#2869.63
791	/	/	PUNCT	_	_	790	punct	_	@eie1987m-words#@eie1987m#2869.63#2869.9
792	так	так	ADV	_	Degree=Pos	794	advmod	_	@eie1987m-words#@eie1987m#2869.9#2870.17
793	и	и	PART	_	_	794	advmod	_	@eie1987m-words#@eie1987m#2870.17#2870.44
794	спрашивали	спрашивать	VERB	_	Aspect=Imp|Mood=Ind|Number=Plur|Tense=Past|VerbForm=Fin|Voice=Act	780	xcomp	_	@eie1987m-words#@eie1987m#2870.44#2870.71
795	/	/	PUNCT	_	_	799	punct	_	@eie1987m-words#@eie1987m#2870.71#2870.98
796	а	а	CCONJ	_	_	799	cc	_	@eie1987m-words#@eie1987m#2870.98#2871.25
797	на	на	ADP	_	_	799	case	_	@eie1987m-words#@eie1987m#2871.25#2871.52
798	русском	русский	ADJ	_	Case=Loc|Degree=Pos|Gender=Neut|Number=Sing	799	amod	_	@eie1987m-words#@eie1987m#2871.52#2871.79
799	типо	типо	PART	_	_	794	conj	_	@eie1987m-words#@eie1987m#2871.79#2872.06
800	ну	ну	PART	_	_	805	parataxis	_	@eie1987m-words#@eie1987m#2872.06#2872.33
801	вот	вот	PART	_	_	802	advmod	_	@eie1987m-words#@eie1987m#2872.33#2872.6
802	типо	типо	PART	_	_	805	advmod	_	@eie1987m-words#@eie1987m#2872.6#2872.87
803	не	не	PART	_	_	805	advmod	_	@eie1987m-words#@eie1987m#2872.87#2873.14
804	на	на	ADP	_	_	805	case	_	@eie1987m-words#@eie1987m#2873.14#2873.41
805	русском	русский	ADJ	_	Case=Loc|Degree=Pos|Gender=Masc|Number=Sing	799	obl	_	@eie1987m-words#@eie1987m#2873.41#2873.68
806	/	/	PUNCT	_	_	807	punct	_	@eie1987m-words#@eie1987m#2873.68#2873.95
807	ээ	ээ	INTJ	_	_	799	parataxis	_	@eie1987m-words#@eie1987m#2873.95#2874.22
808	/	/	PUNCT	_	_	807	punct	_	@eie1987m-words#@eie1987m#2874.22#2874.49
809	и	и	CCONJ	_	_	812	cc	_	@eie1987m-words#@eie1987m#2874.49#2874.76
810	специально	специально	ADV	_	Degree=Pos	812	advmod	_	@eie1987m-words#@eie1987m#2874.76#2875.03
811	мы	мы	PRON	_	Case=Nom|Number=Plur|Person=1	812	nsubj	_	@eie1987m-words#@eie1987m#2875.03#2875.3
812	по-постарались	постараться	VERB	_	Aspect=Imp|Mood=Ind|Number=Plur|Tense=Past|VerbForm=Fin|Voice=Mid	799	conj	_	@eie1987m-words#@eie1987m#2875.3#2875.57
813	вот	вот	PART	_	_	814	advmod	_	@eie1987m-words#@eie1987m#2875.57#2875.84
814	попробовать	попробовать	VERB	_	Aspect=Perf|VerbForm=Inf|Voice=Act	812	xcomp	_	@eie1987m-words#@eie1987m#2875.84#2876.11
815	как-то	как-то	ADV	_	Degree=Pos	816	advmod	_	@eie1987m-words#@eie1987m#2876.11#2876.38
816	угодить	угодить	VERB	_	Aspect=Perf|VerbForm=Inf|Voice=Act	814	xcomp	_	@eie1987m-words#@eie1987m#2876.38#2876.65
817	/	/	PUNCT	_	_	818	punct	_	@eie1987m-words#@eie1987m#2876.65#2876.92
818	ээ	ээ	INTJ	_	_	816	parataxis	_	@eie1987m-words#@eie1987m#2876.92#2877.19
819	/	/	PUNCT	_	_	818	punct	_	@eie1987m-words#@eie1987m#2877.19#2877.46
820	людям	человек	NOUN	_	Animacy=Anim|Case=Dat|Gender=Masc|Number=Plur	816	iobj	_	@eie1987m-words#@eie1987m#2877.46#2877.731
821	с	с	ADP	_	_	822	case	_	@eie1987m-words#@eie1987m#2878.292#2878.628
822	долей	доля	NOUN	_	Animacy=Inan|Case=Ins|Gender=Fem|Number=Sing	816	obl	_	@eie1987m-words#@eie1987m#2878.628#2878.964
823	иронии	ирония	NOUN	_	Animacy=Inan|Case=Gen|Gender=Fem|Number=Sing	822	nmod	_	@eie1987m-words#@eie1987m#2878.964#2879.3
824	/	/	PUNCT	_	_	827	punct	_	@eie1987m-words#@eie1987m#2879.3#2879.636
825	некоторые	некоторый	DET	_	Case=Nom|Number=Plur	826	det	_	@eie1987m-words#@eie1987m#2879.636#2879.972
826	тексты	текст	NOUN	_	Animacy=Inan|Case=Nom|Gender=Masc|Number=Plur	827	nsubj:pass	_	@eie1987m-words#@eie1987m#2879.972#2880.308
827	написаны	написать	VERB	_	Aspect=Perf|Number=Plur|Tense=Past|Variant=Short|VerbForm=Part|Voice=Pass	812	conj	_	@eie1987m-words#@eie1987m#2880.308#2880.644
828	/	/	PUNCT	_	_	830	punct	_	@eie1987m-words#@eie1987m#2880.644#2880.98
829	с	с	ADP	_	_	830	case	_	@eie1987m-words#@eie1987m#2880.98#2881.316
830	юмором	юмор	NOUN	_	Animacy=Inan|Case=Ins|Gender=Masc|Number=Sing	827	obl	_	@eie1987m-words#@eie1987m#2881.316#2881.652
831	/	/	PUNCT	_	_	832	punct	_	@eie1987m-words#@eie1987m#2881.652#2881.988
832	вот	вот	PART	_	_	827	parataxis	_	@eie1987m-words#@eie1987m#2881.988#2882.324
833	/	/	PUNCT	_	_	832	punct	_	@eie1987m-words#@eie1987m#2882.324#2882.66
834	но	но	CCONJ	_	_	838	advmod	_	@eie1987m-words#@eie1987m#2882.66#2882.996
835	в	в	ADP	_	_	838	case	_	@eie1987m-words#@eie1987m#2882.996#2883.332
836	то	тот	DET	_	Case=Acc|Gender=Neut|Number=Sing	838	det	_	@eie1987m-words#@eie1987m#2883.332#2883.668
837	же	же	PART	_	_	836	advmod	_	@eie1987m-words#@eie1987m#2883.668#2884.004
838	время	время	NOUN	_	Animacy=Inan|Case=Acc|Gender=Neut|Number=Sing	827	obl	_	@eie1987m-words#@eie1987m#2884.004#2884.34
839	/	/	PUNCT	_	_	844	punct	_	@eie1987m-words#@eie1987m#2884.34#2884.676
840	и	и	CCONJ	_	_	844	cc	_	@eie1987m-words#@eie1987m#2884.676#2885.012
841	они	они	PRON	_	Case=Nom|Number=Plur|Person=3	844	nsubj	_	@eie1987m-words#@eie1987m#2885.012#2885.348
842	достаточно	достаточно	ADV	_	Degree=Pos	843	obl	_	@eie1987m-words#@eie1987m#2885.348#2885.684
843	серьёзные	серьезный	ADJ	_	Case=Nom|Degree=Pos|Number=Plur	844	amod	_	@eie1987m-words#@eie1987m#2885.684#2886.024
844	воот	вот	PART	_	_	838	conj	_	@eie1987m-words#@eie1987m#2886.878#2887.707
845	для	для	ADP	_	_	846	case	_	@eie1987m-words#@eie1987m#2890.658#2890.959
846	меня	я	PRON	_	Case=Gen|Number=Sing|Person=1	844	obl	_	@eie1987m-words#@eie1987m#2890.959#2891.26
847	хороший	хороший	ADJ	_	Animacy=Inan|Case=Acc|Degree=Pos|Gender=Masc|Number=Sing	849	amod	_	@eie1987m-words#@eie1987m#2891.26#2891.561
848	русский	русский	ADJ	_	Animacy=Inan|Case=Acc|Degree=Pos|Gender=Masc|Number=Sing	849	amod	_	@eie1987m-words#@eie1987m#2891.561#2891.862
849	язык	язык	NOUN	_	Animacy=Inan|Case=Acc|Gender=Masc|Number=Sing	844	obj	_	@eie1987m-words#@eie1987m#2891.862#2892.163
850	мне	я	PRON	_	Case=Dat|Number=Sing|Person=1	849	iobj	_	@eie1987m-words#@eie1987m#2892.163#2892.464
851	/	/	PUNCT	_	_	857	punct	_	@eie1987m-words#@eie1987m#2892.464#2892.765
852	для	для	ADP	_	_	853	case	_	@eie1987m-words#@eie1987m#2892.765#2893.066
853	меня	я	PRON	_	Case=Gen|Number=Sing|Person=1	857	obl	_	@eie1987m-words#@eie1987m#2893.066#2893.367
854	достаточно	достаточно	ADV	_	Degree=Pos	855	nummod:gov	_	@eie1987m-words#@eie1987m#2893.367#2893.668
855	певучий	певучий	NOUN	_	Animacy=Inan|Case=Gen|Gender=Fem|Number=Plur	857	nsubj	_	@eie1987m-words#@eie1987m#2893.668#2893.975
856	ну	ну	PART	_	_	857	parataxis	_	@eie1987m-words#@eie1987m#2894.39#2894.577
857	может	мочь	VERB	_	Aspect=Imp|Mood=Ind|Number=Sing|Person=3|Tense=Pres|VerbForm=Fin|Voice=Act	849	appos	_	@eie1987m-words#@eie1987m#2894.577#2894.764
858	быть	быть	AUX	_	Aspect=Imp|VerbForm=Inf|Voice=Act	857	aux	_	@eie1987m-words#@eie1987m#2894.764#2894.951
859	я	я	PRON	_	Case=Nom|Number=Sing|Person=1	857	nsubj	_	@eie1987m-words#@eie1987m#2895.219#2895.601
860	по	по	ADP	_	_	861	case	_	@eie1987m-words#@eie1987m#2895.601#2895.983
861	крайней	крайний	ADJ	_	Case=Dat|Degree=Pos|Gender=Fem|Number=Sing	857	obl	_	@eie1987m-words#@eie1987m#2895.983#2896.365
862	/	/	PUNCT	_	_	865	punct	_	@eie1987m-words#@eie1987m#2896.365#2896.747
863	не	не	PART	_	_	864	advmod	_	@eie1987m-words#@eie1987m#2896.747#2897.129
864	я	я	PRON	_	Case=Nom|Number=Sing|Person=1	865	nsubj	_	@eie1987m-words#@eie1987m#2897.129#2897.511
865	согласен	согласный	ADJ	_	Degree=Pos|Gender=Masc|Number=Sing|Variant=Short	857	conj	_	@eie1987m-words#@eie1987m#2897.511#2897.893
866	что	что	SCONJ	_	_	865	obl	_	@eie1987m-words#@eie1987m#2897.893#2898.275
867	английский	английский	ADJ	_	Case=Nom|Degree=Pos|Gender=Masc|Number=Sing	868	amod	_	@eie1987m-words#@eie1987m#2898.275#2898.657
868	язык	язык	NOUN	_	Animacy=Anim|Case=Nom|Gender=Masc|Number=Sing	875	obl	_	@eie1987m-words#@eie1987m#2898.657#2899.039
869	он	он	PRON	_	Case=Nom|Gender=Masc|Number=Sing|Person=3	875	nsubj	_	@eie1987m-words#@eie1987m#2899.039#2899.421
870	более	более	ADV	_	Degree=Cmp	875	advmod	_	@eie1987m-words#@eie1987m#2899.421#2899.803
871	певучий	певучий	NOUN	_	Animacy=Inan|Case=Gen|Gender=Fem|Number=Plur	875	obl	_	@eie1987m-words#@eie1987m#2899.803#2900.195
872	просто	просто	PART	_	_	873	advmod	_	@eie1987m-words#@eie1987m#2900.219#2900.615
873	соглас...	соглас..отреть	X	_	_	874	amod	_	@eie1987m-words#@eie1987m#2900.615#2901.011
874	слогов	слог	NOUN	_	Animacy=Inan|Case=Gen|Gender=Masc|Number=Plur	875	nsubj	_	@eie1987m-words#@eie1987m#2901.011#2901.407
875	меньше	мало	NUM	_	_	865	nummod:gov	_	@eie1987m-words#@eie1987m#2901.407#2901.803
876	с	с	ADP	_	_	880	mark	_	@eie1987m-words#@eie1987m#2901.803#2902.199
877	/	/	PUNCT	_	_	878	punct	_	@eie1987m-words#@eie1987m#2902.199#2902.595
878	ээ	ээ	INTJ	_	_	876	parataxis	_	@eie1987m-words#@eie1987m#2902.595#2902.991
879	/	/	PUNCT	_	_	878	punct	_	@eie1987m-words#@eie1987m#2902.991#2903.387
880	нету	нет	PART	_	_	875	advcl	_	@eie1987m-words#@eie1987m#2903.387#2903.783
881	таких	такой	DET	_	Case=Gen|Number=Plur	880	nsubj	_	@eie1987m-words#@eie1987m#2903.783#2904.179
882	вот	вот	PART	_	_	881	advmod	_	@eie1987m-words#@eie1987m#2904.179#2904.575
883	/	/	PUNCT	_	_	884	punct	_	@eie1987m-words#@eie1987m#2904.575#2904.971
884	ээ	ээ	INTJ	_	_	881	parataxis	_	@eie1987m-words#@eie1987m#2904.971#2905.367
885	там	там	ADV	_	Degree=Pos	894	advmod	_	@eie1987m-words#@eie1987m#2905.367#2905.765
886	согласных	согласный	ADJ	_	Case=Gen|Degree=Pos|Number=Plur	894	amod	_	@eie1987m-words#@eie1987m#2907.629#2907.925
887	не	не	PART	_	_	888	advmod	_	@eie1987m-words#@eie1987m#2907.925#2908.221
888	очень	очень	ADV	_	Degree=Pos	889	obl	_	@eie1987m-words#@eie1987m#2908.221#2908.517
889	удобных	удобный	ADJ	_	Case=Gen|Degree=Pos|Number=Plur	894	amod	_	@eie1987m-words#@eie1987m#2908.517#2908.813
890	/	/	PUNCT	_	_	891	punct	_	@eie1987m-words#@eie1987m#2908.813#2909.109
891	по...	по...	X	_	_	894	parataxis	_	@eie1987m-words#@eie1987m#2909.109#2909.405
892	ну	ну	PART	_	_	894	parataxis	_	@eie1987m-words#@eie1987m#2909.405#2909.701
893	/	/	PUNCT	_	_	892	punct	_	@eie1987m-words#@eie1987m#2909.701#2909.997
894	по-попевучей	певучий	ADJ	_	Degree=Cmp	884	nmod	_	@eie1987m-words#@eie1987m#2909.997#2910.293
895	всё-таки	все-таки	PART	_	_	897	advmod	_	@eie1987m-words#@eie1987m#2910.293#2910.589
896	чуть-чуть	чуть-чуть	PART	_	_	897	advmod	_	@eie1987m-words#@eie1987m#2910.589#2910.885
897	попевучей	певучий	ADJ	_	Degree=Cmp	884	nmod	_	@eie1987m-words#@eie1987m#2910.885#2911.181
898	/	/	PUNCT	_	_	900	punct	_	@eie1987m-words#@eie1987m#2911.181#2911.477
899	более	более	ADV	_	Degree=Cmp	900	nummod:gov	_	@eie1987m-words#@eie1987m#2911.477#2911.773
900	певучий	певучий	NOUN	_	Animacy=Inan|Case=Gen|Gender=Fem|Number=Plur	897	nmod	_	@eie1987m-words#@eie1987m#2911.773#2912.069
901	/	/	PUNCT	_	_	897	punct	_	@eie1987m-words#@eie1987m#2912.069#2912.365
902	вот	вот	PART	_	_	906	advmod	_	@eie1987m-words#@eie1987m#2912.365#2912.661
903	но	но	CCONJ	_	_	906	cc	_	@eie1987m-words#@eie1987m#2912.661#2912.957
904	мне	я	PRON	_	Case=Dat|Number=Sing|Person=1	906	iobj	_	@eie1987m-words#@eie1987m#2912.957#2913.253
905	очень	очень	ADV	_	Degree=Pos	906	advmod	_	@eie1987m-words#@eie1987m#2913.253#2913.549
906	нравится	нравиться	VERB	_	Aspect=Imp|Mood=Ind|Number=Sing|Person=3|Tense=Pres|VerbForm=Fin|Voice=Mid	884	conj	_	@eie1987m-words#@eie1987m#2913.549#2913.845
907	русский	русский	ADJ	_	Case=Acc|Degree=Pos|Gender=Masc|Number=Sing	908	amod	_	@eie1987m-words#@eie1987m#2913.845#2914.141
908	язык	язык	NOUN	_	Animacy=Inan|Case=Acc|Gender=Masc|Number=Sing	906	nsubj	_	@eie1987m-words#@eie1987m#2914.141#2914.437
909	он	он	PRON	_	Case=Nom|Gender=Masc|Number=Sing|Person=3	906	nsubj	_	@eie1987m-words#@eie1987m#2914.437#2914.733
910	мне	я	PRON	_	Case=Dat|Number=Sing|Person=1	911	iobj	_	@eie1987m-words#@eie1987m#2914.733#2915.029
911	близок	близкий	ADJ	_	Degree=Pos|Gender=Masc|Number=Sing|Variant=Short	906	obl	_	@eie1987m-words#@eie1987m#2915.029#2915.325
912	/	/	PUNCT	_	_	917	punct	_	@eie1987m-words#@eie1987m#2915.325#2915.621
913	это	это	PRON	_	Animacy=Inan|Case=Nom|Gender=Neut|Number=Sing	917	nsubj	_	@eie1987m-words#@eie1987m#2915.621#2915.917
914	мой	мой	DET	_	Case=Nom|Gender=Masc|Number=Sing	913	det	_	@eie1987m-words#@eie1987m#2915.917#2916.213
915	/	/	PUNCT	_	_	917	punct	_	@eie1987m-words#@eie1987m#2916.213#2916.509
916	мой	мой	DET	_	Case=Nom|Gender=Masc|Number=Sing	917	det	_	@eie1987m-words#@eie1987m#2916.509#2916.805
917	язык	язык	NOUN	_	Animacy=Inan|Case=Nom|Gender=Masc|Number=Sing	906	obl	_	@eie1987m-words#@eie1987m#2916.805#2917.101
918	/	/	PUNCT	_	_	919	punct	_	@eie1987m-words#@eie1987m#2917.101#2917.397
919	вот	вот	PART	_	_	923	parataxis	_	@eie1987m-words#@eie1987m#2917.397#2917.693
920	я	я	PRON	_	Case=Nom|Number=Sing|Person=1	923	nsubj	_	@eie1987m-words#@eie1987m#2917.693#2917.989
921	на	на	ADP	_	_	922	case	_	@eie1987m-words#@eie1987m#2917.989#2918.285
922	нём	он	PRON	_	Case=Loc|Gender=Masc|Number=Sing|Person=3	923	obl	_	@eie1987m-words#@eie1987m#2918.285#2918.581
923	говорю	говорить	VERB	_	Aspect=Imp|Mood=Ind|Number=Sing|Person=1|Tense=Pres|VerbForm=Fin|Voice=Act	906	csubj	_	@eie1987m-words#@eie1987m#2918.581#2918.877
924	/	/	PUNCT	_	_	930	punct	_	@eie1987m-words#@eie1987m#2918.877#2919.173
925	и	и	CCONJ	_	_	930	cc	_	@eie1987m-words#@eie1987m#2919.173#2919.469
926	/	/	PUNCT	_	_	930	punct	_	@eie1987m-words#@eie1987m#2919.469#2919.765
927	хоть	хоть	ADV	_	Degree=Pos	928	obl	_	@eie1987m-words#@eie1987m#2919.765#2920.061
928	я	я	PRON	_	Case=Nom|Number=Sing|Person=1	930	nsubj	_	@eie1987m-words#@eie1987m#2920.061#2920.357
929	и	и	PART	_	_	930	advmod	_	@eie1987m-words#@eie1987m#2920.357#2920.653
930	владею	владеть	NOUN	_	Animacy=Inan|Case=Acc|Gender=Fem|Number=Sing	923	conj	_	@eie1987m-words#@eie1987m#2920.653#2920.949
931	и	и	CCONJ	_	_	932	cc	_	@eie1987m-words#@eie1987m#2920.949#2921.245
932	английским	английский	ADJ	_	Case=Ins|Degree=Pos|Gender=Masc|Number=Sing	930	obl	_	@eie1987m-words#@eie1987m#2921.245#2921.541
933	тоже	тоже	PART	_	_	932	advmod	_	@eie1987m-words#@eie1987m#2921.541#2921.837
934	/	/	PUNCT	_	_	946	punct	_	@eie1987m-words#@eie1987m#2921.837#2922.133
935	но	но	CCONJ	_	_	946	cc	_	@eie1987m-words#@eie1987m#2922.133#2922.429
936	/	/	PUNCT	_	_	938	punct	_	@eie1987m-words#@eie1987m#2922.429#2922.725
937	мне	я	PRON	_	Case=Dat|Number=Sing|Person=1	938	iobj	_	@eie1987m-words#@eie1987m#2922.725#2923.021
938	приятно	приятно	ADV	_	Degree=Pos	935	parataxis	_	@eie1987m-words#@eie1987m#2923.021#2923.317
939	петь	петь	VERB	_	Aspect=Imp|VerbForm=Inf|Voice=Act	938	csubj	_	@eie1987m-words#@eie1987m#2923.317#2923.613
940	на	на	ADP	_	_	942	case	_	@eie1987m-words#@eie1987m#2923.613#2923.909
941	русском	русский	ADJ	_	Case=Loc|Degree=Pos|Gender=Masc|Number=Sing	942	amod	_	@eie1987m-words#@eie1987m#2923.909#2924.205
942	языке	язык	NOUN	_	Animacy=Inan|Case=Loc|Gender=Masc|Number=Sing	939	obl	_	@eie1987m-words#@eie1987m#2924.205#2924.501
943	/	/	PUNCT	_	_	938	punct	_	@eie1987m-words#@eie1987m#2924.501#2924.797
944	у	у	ADP	_	_	945	case	_	@eie1987m-words#@eie1987m#2924.797#2925.093
945	меня	я	PRON	_	Case=Gen|Number=Sing|Person=1	946	obl	_	@eie1987m-words#@eie1987m#2925.093#2925.389
946	нет	нет	VERB	_	Aspect=Imp|Mood=Ind|Number=Sing|Person=3|Tense=Pres|VerbForm=Fin|Voice=Act	932	conj	_	@eie1987m-words#@eie1987m#2925.389#2925.685
947	вот	вот	PART	_	_	948	advmod	_	@eie1987m-words#@eie1987m#2925.685#2925.981
948	негатива	негатив	NOUN	_	Animacy=Inan|Case=Gen|Gender=Masc|Number=Sing	946	nsubj	_	@eie1987m-words#@eie1987m#2925.981#2926.277
949	никакого	никакой	DET	_	Case=Gen|Gender=Masc|Number=Sing	946	det	_	@eie1987m-words#@eie1987m#2926.277#2926.58