1	Я	я	PRON	_	Case=Nom|Number=Sing|Person=1	_	_	_	@evk2001f-wordsКатя0.020.29
2	потестила	потестить	VERB	_	Aspect=Perf|Gender=Fem|Mood=Ind|Number=Sing|Tense=Past|VerbForm=Fin|Voice=Act	_	_	_	@evk2001f-wordsКатя0.290.56
3	звук	звук	NOUN	_	Animacy=Inan|Case=Acc|Gender=Masc|Number=Sing	_	_	_	@evk2001f-wordsКатя0.560.83
4	и	и	CCONJ	_	_	_	_	_	@evk2001f-wordsКатя0.831.1
5	должно	должен	ADJ	_	Degree=Pos|Gender=Neut|Number=Sing|Variant=Short	_	_	_	@evk2001f-wordsКатя1.11.37
6	быть	быть	AUX	_	Aspect=Imp|VerbForm=Inf|Voice=Act	_	_	_	@evk2001f-wordsКатя1.371.64
7	слышно	слышный	ADV	_	Degree=Pos	_	_	_	@evk2001f-wordsКатя1.641.91
8	ааа	а	PART	_	_	_	_	_	@evk2001f-wordsКатя2.7703.09
9	че	что	ADV	_	Degree=Cmp	_	_	_	@evk2001f-wordsКатя3.583.89
10	рассказать	рассказывать	VERB	_	Aspect=Perf|VerbForm=Inf|Voice=Act	_	_	_	@evk2001f-wordsКатя3.894.2
11	а	а	CCONJ	_	_	_	_	_	@evk2001f-wordsКатя4.484.755
12	/	/	PUNCT	_	_	_	_	_	@evk2001f-wordsКатя4.7555.031
13	я	я	PRON	_	Case=Nom|Number=Sing|Person=1	_	_	_	@evk2001f-wordsКатя5.0315.307
14	думала	думать	VERB	_	Aspect=Imp|Gender=Fem|Mood=Ind|Number=Sing|Tense=Past|VerbForm=Fin|Voice=Act	_	_	_	@evk2001f-wordsКатя5.3075.582
15	рассказать	рассказать	VERB	_	Aspect=Perf|VerbForm=Inf|Voice=Act	_	_	_	@evk2001f-wordsКатя5.5825.858
16	про	про	ADP	_	_	_	_	_	@evk2001f-wordsКатя5.8586.134
17	“Киллера”	“Киллер”	NOUN	_	Animacy=Anim|Case=Acc|Gender=Masc|Number=Sing	_	_	_	@evk2001f-wordsКатя6.1346.41
18	у	у	ADP	_	_	_	_	_	@evk2001f-wordsКатя6.426.643
19	нас	мы	PRON	_	Case=Gen|Number=Plur|Person=1	_	_	_	@evk2001f-wordsКатя6.6436.867
20	короче	короче	PART	_	_	_	_	_	@evk2001f-wordsКатя6.8677.091
21	в	в	ADP	_	_	_	_	_	@evk2001f-wordsКатя7.0917.315
22	“Киллера”	“Киллер”	NOUN	_	Animacy=Anim|Case=Acc|Gender=Masc|Number=Sing	_	_	_	@evk2001f-wordsКатя7.3157.538
23	играют	играть	VERB	_	Aspect=Imp|Mood=Ind|Number=Plur|Person=3|Tense=Pres|VerbForm=Fin|Voice=Act	_	_	_	@evk2001f-wordsКатя7.5387.762
24	в	в	ADP	_	_	_	_	_	@evk2001f-wordsКатя7.7627.986
25	общаге	общага	NOUN	_	Animacy=Inan|Case=Loc|Gender=Fem|Number=Sing	_	_	_	@evk2001f-wordsКатя7.9868.21
26	“Киллер	“Киллер	NOUN	_	Animacy=Anim|Case=Nom|Gender=Masc|Number=Sing	_	_	_	@evk2001f-wordsКатя9.4559.797
27	-	-	PUNCT	_	_	_	_	_	@evk2001f-wordsКатя9.79710.14
28	двойка”	двойка”	NOUN	_	Animacy=Inan|Case=Gen|Gender=Fem|Number=Sing	_	_	_	@evk2001f-wordsКатя10.1410.482
29	называется	называться	VERB	_	Aspect=Imp|Mood=Ind|Number=Sing|Person=3|Tense=Pres|VerbForm=Fin|Voice=Mid	_	_	_	@evk2001f-wordsКатя10.48210.825
30	и	и	PART	_	_	_	_	_	@evk2001f-wordsКатя10.9311.366
31	там	там	ADV	_	Degree=Pos	_	_	_	@evk2001f-wordsКатя11.36611.802
32	типа	типа	PART						
33	сотка	сотка	NOUN	_	Animacy=Inan|Case=Gen|Gender=Masc|Number=Sing	_	_	_	@evk2001f-wordsКатя12.23812.674
34	человек	человек	NOUN	_	Animacy=Anim|Case=Nom|Gender=Masc|Number=Sing	_	_	_	@evk2001f-wordsКатя12.67413.11
35	и	и	CCONJ	_	_	_	_	_	@evk2001f-wordsКатя13.7914.195
36	на	на	ADP	_	_	_	_	_	@evk2001f-wordsКатя14.19514.6
37	нее	она	PRON	_	Case=Acc|Gender=Fem|Number=Sing|Person=3	_	_	_	@evk2001f-wordsКатя14.615.005
38	регистрировались	регистрироваться	VERB	_	Aspect=Imp|Mood=Ind|Number=Plur|Tense=Past|VerbForm=Fin|Voice=Mid	_	_	_	@evk2001f-wordsКатя15.00515.41
39	в	в	ADP	_	_	_	_	_	@evk2001f-wordsКатя15.4115.815
40	конце	конец	NOUN	_	Animacy=Inan|Case=Loc|Gender=Masc|Number=Sing	_	_	_	@evk2001f-wordsКатя15.81516.22
41	прошлой	прошлый	ADJ	_	Case=Gen|Degree=Pos|Gender=Fem|Number=Sing	_	_	_	@evk2001f-wordsКатя16.2216.625
42	недели	неделя	NOUN	_	Animacy=Inan|Case=Gen|Gender=Fem|Number=Sing	_	_	_	@evk2001f-wordsКатя16.62517.03
43	вот	вот	PART	_	_	_	_	_	@evk2001f-wordsКатя17.29517.572
44	и	и	PART	_	_	_	_	_	@evk2001f-wordsКатя17.57217.85
45	я	я	PRON	_	Case=Nom|Number=Sing|Person=1	_	_	_	@evk2001f-wordsКатя17.8518.128
46	зарегистрировалась	зарегистрироваться	VERB	_	Aspect=Imp|Gender=Fem|Mood=Ind|Number=Sing|Tense=Past|VerbForm=Fin|Voice=Mid	_	_	_	@evk2001f-wordsКатя18.12818.406
47	и	и	PART	_	_	_	_	_	@evk2001f-wordsКатя18.40618.683
48	две	два	NUM	_	Case=Nom|Gender=Fem	_	_	_	@evk2001f-wordsКатя18.68318.961
49	мои	мой	DET	_	Case=Nom|Number=Plur	_	_	_	@evk2001f-wordsКатя18.96119.239
50	соседки	соседка	NOUN	_	Animacy=Anim|Case=Gen|Gender=Fem|Number=Sing	_	_	_	@evk2001f-wordsКатя19.23919.517
51	зарегались	зарегаться	VERB	_	Aspect=Imp|Mood=Ind|Number=Plur|Tense=Past|VerbForm=Fin|Voice=Pass	_	_	_	@evk2001f-wordsКатя19.51719.795
52	ну	ну	PART	_	_	_	_	_	@evk2001f-wordsКатя20.3220.516
53	еще	еще	ADV	_	Degree=Pos	_	_	_	@evk2001f-wordsКатя20.51620.712
54	миллион	миллион	NOUN	_	Animacy=Inan|Case=Nom|Gender=Masc|Number=Sing	_	_	_	@evk2001f-wordsКатя20.71220.909
55	людей	человек	NOUN	_	Animacy=Anim|Case=Gen|Gender=Masc|Number=Plur	_	_	_	@evk2001f-wordsКатя20.90921.105
56	с	с	ADP	_	_	_	_	_	@evk2001f-wordsКатя21.10521.302
57	которыми	который	PRON	_	Case=Ins	_	_	_	@evk2001f-wordsКатя21.30221.498
58	я	я	PRON	_	Case=Nom|Number=Sing|Person=1	_	_	_	@evk2001f-wordsКатя21.49821.695
59	знакома	знакомый	ADJ	_	Degree=Pos|Gender=Fem|Number=Sing|Variant=Short	_	_	_	@evk2001f-wordsКатя21.69521.891
60	здесь	здесь	ADV	_	Degree=Pos	_	_	_	@evk2001f-wordsКатя21.89122.087
61	/	/	PUNCT	_	_	_	_	_	@evk2001f-wordsКатя22.08722.284
62	ну	ну	PART	_	_	_	_	_	@evk2001f-wordsКатя22.28422.48
63	понятно	понятный	ADJ	_	Degree=Pos|Gender=Neut|Number=Sing|Variant=Short	_	_	_	@evk2001f-wordsКатя22.4822.677
64	/	/	PUNCT	_	_	_	_	_	@evk2001f-wordsКатя22.67722.873
65	да	да	CCONJ	_	_	_	_	_	@evk2001f-wordsКатя22.87323.07
66	мы	мы	PRON	_	Case=Nom|Number=Plur|Person=1	_	_	_	@evk2001f-wordsКатя23.44523.765
67	ехали	ехать	VERB	_	Aspect=Imp|Mood=Ind|Number=Plur|Tense=Past|VerbForm=Fin|Voice=Act	_	_	_	@evk2001f-wordsКатя23.76524.085
68	с	с	ADP	_	_	_	_	_	@evk2001f-wordsКатя24.08524.405
69	/	/	PUNCT	_	_	_	_	_	@evk2001f-wordsКатя24.40524.725
70	эээ	э							
71	концерта	концерт	NOUN	_	Animacy=Inan|Case=Gen|Gender=Masc|Number=Sing	_	_	_	@evk2001f-wordsКатя25.04525.365
72	“Дайте	“Дать	VERB	_	Aspect=Imp|Mood=Imp|Number=Plur|Person=2|VerbForm=Fin|Voice=Act	_	_	_	@evk2001f-wordsКатя25.36525.685
73	танк!”	танк!”	NOUN	_	Animacy=Inan|Case=Gen|Gender=Fem|Number=Sing	_	_	_	@evk2001f-wordsКатя25.68526.005
74	я	я	PRON	_	Case=Nom|Number=Sing|Person=1	_	_	_	@evk2001f-wordsКатя26.7727.09
75	Ваня	Ваня	PROPN	_	Animacy=Anim|Case=Nom|Gender=Fem|Number=Sing	_	_	_	@evk2001f-wordsКатя27.0927.41
76	и	и	PART	_	_	_	_	_	@evk2001f-wordsКатя27.4127.73
77	одна	один	NUM	_	Case=Nom|Gender=Fem	_	_	_	@evk2001f-wordsКатя27.7328.05
78	из	из	ADP	_	_	_	_	_	@evk2001f-wordsКатя28.0528.37
79	моих	мой	DET	_	Case=Gen|Number=Plur	_	_	_	@evk2001f-wordsКатя28.3728.69
80	соседок	соседка	NOUN	_	Animacy=Anim|Case=Gen|Gender=Fem|Number=Plur	_	_	_	@evk2001f-wordsКатя28.6929.01
81	вот	вот	PART	_	_	_	_	_	@evk2001f-wordsКатя29.4129.71
82	/	/	PUNCT	_	_	_	_	_	@evk2001f-wordsКатя29.7130.01
83	в	в	ADP	_	_	_	_	_	@evk2001f-wordsКатя30.0130.31
84	метро	метро	NOUN	_	Animacy=Inan|Case=Loc|Gender=Neut|Number=Sing	_	_	_	@evk2001f-wordsКатя30.3130.61
85	было	быть	AUX	_	Aspect=Imp|Gender=Neut|Mood=Ind|Number=Sing|Tense=Past|VerbForm=Fin|Voice=Act	_	_	_	@evk2001f-wordsКатя31.0131.232
86	ваще	вообще	ADV	_	Degree=Pos	_	_	_	@evk2001f-wordsКатя31.23231.455
87	на	на	ADP	_	_	_	_	_	@evk2001f-wordsКатя31.45531.678
88	самом	самый	ADJ	_	Case=Loc|Degree=Pos|Gender=Neut|Number=Sing	_	_	_	@evk2001f-wordsКатя31.67831.901
89	деле	дело	NOUN	_	Animacy=Inan|Case=Loc|Gender=Neut|Number=Sing	_	_	_	@evk2001f-wordsКатя31.90132.124
90	офигенно	офигенно	ADV	_	Degree=Pos	_	_	_	@evk2001f-wordsКатя32.12432.347
91	/	/	PUNCT	_	_	_	_	_	@evk2001f-wordsКатя32.34732.57
92	/	/	PUNCT	_	_	_	_	_	@evk2001f-wordsКатя32.5732.792
93	я	я	PRON	_	Case=Nom|Number=Sing|Person=1	_	_	_	@evk2001f-wordsКатя32.79233.015
94	тебе	ты	PRON	_	Case=Dat|Number=Sing|Person=2	_	_	_	@evk2001f-wordsКатя33.01533.238
95	писала	писать	VERB	_	Aspect=Imp|Gender=Fem|Mood=Ind|Number=Sing|Tense=Past|VerbForm=Fin|Voice=Act	_	_	_	@evk2001f-wordsКатя33.23833.461
96	в	в	ADP	_	_	_	_	_	@evk2001f-wordsКатя33.46133.684
97	тот	тот	DET	_	Case=Acc|Gender=Masc|Number=Sing	_	_	_	@evk2001f-wordsКатя33.68433.907
98	момент	момент	NOUN	_	Animacy=Inan|Case=Acc|Gender=Masc|Number=Sing	_	_	_	@evk2001f-wordsКатя33.90734.13
99	и	и	CCONJ	_	_	_	_	_	@evk2001f-wordsКатя34.735.153
100	мы	мы	PRON	_	Case=Nom|Number=Plur|Person=1	_	_	_	@evk2001f-wordsКатя35.15335.606
101	/	/	PUNCT	_	_	_	_	_	@evk2001f-wordsКатя35.60636.06
102	ааа	а	PART	_	_	_	_	_	@evk2001f-wordsКатя36.0636.513
103	/	/	PUNCT	_	_	_	_	_	@evk2001f-wordsКатя36.51336.966
104	тогда…	тогда	ADV	_	Degree=Pos	_	_	_	@evk2001f-wordsКатя36.96637.42
105	ну	ну	PART	_	_	_	_	_	@evk2001f-wordsКатя38.1738.4
106	/	/	PUNCT	_	_	_	_	_	@evk2001f-wordsКатя38.438.63
107	я	я	PRON	_	Case=Nom|Number=Sing|Person=1	_	_	_	@evk2001f-wordsКатя38.6338.86
108	не	не	PART	_	_	_	_	_	@evk2001f-wordsКатя38.8639.09
109	отошла	отойти	VERB	_	Aspect=Perf|Gender=Fem|Mood=Ind|Number=Sing|Tense=Past|VerbForm=Fin|Voice=Act	_	_	_	@evk2001f-wordsКатя39.0939.32
110	еще	еще	ADV	_	Degree=Pos	_	_	_	@evk2001f-wordsКатя39.3239.55
111	от	от	ADP	_	_	_	_	_	@evk2001f-wordsКатя39.5539.78
112	концерта	концерт	NOUN	_	Animacy=Inan|Case=Gen|Gender=Masc|Number=Sing	_	_	_	@evk2001f-wordsКатя39.7840.01
113	и	и	CCONJ	_	_	_	_	_	@evk2001f-wordsКатя40.0440.28
114	такая	такой	DET	_	Case=Nom|Gender=Fem|Number=Sing	_	_	_	@evk2001f-wordsКатя40.2840.52
115	ходила	ходить	VERB	_	Aspect=Imp|Gender=Fem|Mood=Ind|Number=Sing|Tense=Past|VerbForm=Fin|Voice=Act	_	_	_	@evk2001f-wordsКатя41.0241.296
116	там	там	ADV	_	Degree=Pos	_	_	_	@evk2001f-wordsКатя41.29641.572
117	/	/	PUNCT	_	_	_	_	_	@evk2001f-wordsКатя41.57241.848
118	песни	песня	NOUN	_	Animacy=Inan|Case=Gen|Gender=Fem|Number=Sing	_	_	_	@evk2001f-wordsКатя41.84842.124
119	орала	орать	VERB	_	Aspect=Imp|Gender=Fem|Mood=Ind|Number=Sing|Tense=Past|VerbForm=Fin|Voice=Act	_	_	_	@evk2001f-wordsКатя42.12442.4
120	я	я	PRON	_	Case=Nom|Number=Sing|Person=1	_	_	_	@evk2001f-wordsКатя42.4242.828
121	ведь	ведь	PART	_	_	_	_	_	@evk2001f-wordsКатя42.82843.236
122	песен	песня	NOUN	_	Animacy=Inan|Case=Gen|Gender=Fem|Number=Plur	_	_	_	@evk2001f-wordsКатя43.23643.645
123	много	много	ADV	_	Degree=Pos	_	_	_	@evk2001f-wordsКатя43.64544.053
124	наизусть	наизусть	ADV	_	Degree=Pos	_	_	_	@evk2001f-wordsКатя44.05344.461
125	знаю	знать	VERB	_	Aspect=Imp|Mood=Ind|Number=Sing|Person=1|Tense=Pres|VerbForm=Fin|Voice=Act	_	_	_	@evk2001f-wordsКатя44.46144.87
126	и	и	CCONJ	_	_	_	_	_	@evk2001f-wordsКатя44.9545.166
127	я	я	PRON	_	Case=Nom|Number=Sing|Person=1	_	_	_	@evk2001f-wordsКатя45.16645.382
128	в	в	ADP	_	_	_	_	_	@evk2001f-wordsКатя45.38245.598
129	метро	метро	NOUN	_	Animacy=Inan|Case=Acc|Gender=Neut|Number=Sing	_	_	_	@evk2001f-wordsКатя45.59845.814
130	еду	ехать	VERB	_	Aspect=Imp|Mood=Ind|Number=Sing|Person=1|Tense=Pres|VerbForm=Fin|Voice=Act	_	_	_	@evk2001f-wordsКатя45.81446.03
131	я	я	PRON	_	Case=Nom|Number=Sing|Person=1	_	_	_	@evk2001f-wordsКатя46.0446.376
132	начинаю	начинать	VERB	_	Aspect=Imp|Mood=Ind|Number=Sing|Person=1|Tense=Pres|VerbForm=Fin|Voice=Act	_	_	_	@evk2001f-wordsКатя46.37646.713
133	петь	петь	VERB	_	Aspect=Imp|VerbForm=Inf|Voice=Act	_	_	_	@evk2001f-wordsКатя46.71347.05
134	и	и	CCONJ	_	_	_	_	_	@evk2001f-wordsКатя47.29547.782
135	Ваня	Ваня	PROPN	_	Animacy=Anim|Case=Nom|Gender=Fem|Number=Sing	_	_	_	@evk2001f-wordsКатя47.78248.27
136	начинает	начинать	VERB	_	Aspect=Imp|Mood=Ind|Number=Sing|Person=3|Tense=Pres|VerbForm=Fin|Voice=Act	_	_	_	@evk2001f-wordsКатя48.2748.757
137	петь	петь	VERB	_	Aspect=Imp|VerbForm=Inf|Voice=Act	_	_	_	@evk2001f-wordsКатя48.75749.245
138	Алена	Алена	PROPN	_	Animacy=Anim|Case=Nom|Gender=Fem|Number=Sing	_	_	_	@evk2001f-wordsКатя49.3349.743
139	начинает	начинать	VERB	_	Aspect=Imp|Mood=Ind|Number=Sing|Person=3|Tense=Pres|VerbForm=Fin|Voice=Act	_	_	_	@evk2001f-wordsКатя49.74350.156
140	петь	петь	VERB	_	Aspect=Imp|VerbForm=Inf|Voice=Act	_	_	_	@evk2001f-wordsКатя50.15650.57
141	люди	человек	NOUN	_	Animacy=Anim|Case=Nom|Gender=Masc|Number=Plur	_	_	_	@evk2001f-wordsКатя50.6450.876
142	вокруг	вокруг	ADP	_	_	_	_	_	@evk2001f-wordsКатя50.87651.112
143	нас	мы	PRON	_	Case=Gen|Number=Plur|Person=1	_	_	_	@evk2001f-wordsКатя51.11251.349
144	/	/	PUNCT	_	_	_	_	_	@evk2001f-wordsКатя51.34951.585
145	которые	который	PRON	_	Case=Nom	_	_	_	@evk2001f-wordsКатя51.58551.822
146	тоже	тоже	PART	_	_	_	_	_	@evk2001f-wordsКатя51.82252.058
147	едут	ехать	VERB	_	Aspect=Perf|Mood=Ind|Number=Plur|Person=3|Tense=Fut|VerbForm=Fin|Voice=Act	_	_	_	@evk2001f-wordsКатя52.05852.295
148	с	с	ADP	_	_	_	_	_	@evk2001f-wordsКатя52.29552.531
149	концерта	концерт	NOUN	_	Animacy=Inan|Case=Gen|Gender=Masc|Number=Sing	_	_	_	@evk2001f-wordsКатя52.53152.767
150	“Дайте	“Дать	VERB	_	Aspect=Imp|Mood=Imp|Number=Plur|Person=2|VerbForm=Fin|Voice=Act	_	_	_	@evk2001f-wordsКатя52.76753.004
151	танк!”	танк!”	NOUN	_	Animacy=Inan|Case=Gen|Gender=Fem|Number=Sing	_	_	_	@evk2001f-wordsКатя53.00453.24
152	/	/	PUNCT	_	_	_	_	_	@evk2001f-wordsКатя53.2453.477
153	начинают	начинать	VERB	_	Aspect=Imp|Mood=Ind|Number=Plur|Person=3|Tense=Pres|VerbForm=Fin|Voice=Act	_	_	_	@evk2001f-wordsКатя53.47753.713
154	петь	петь	VERB	_	Aspect=Imp|VerbForm=Inf|Voice=Act	_	_	_	@evk2001f-wordsКатя53.71353.95
155	вот	вот	PART	_	_	_	_	_	@evk2001f-wordsКатя54.654.916
156	/	/	PUNCT	_	_	_	_	_	@evk2001f-wordsКатя54.91655.233
157	это	это	PRON	_	Animacy=Inan|Case=Nom|Gender=Neut|Number=Sing	_	_	_	@evk2001f-wordsКатя55.23355.55
158	было	быть	AUX	_	Aspect=Imp|Gender=Neut|Mood=Ind|Number=Sing|Tense=Past|VerbForm=Fin|Voice=Act	_	_	_	@evk2001f-wordsКатя55.5555.866
159	так	так	ADV	_	Degree=Pos	_	_	_	@evk2001f-wordsКатя55.86656.183
160	офигенно	офигенно	ADV	_	Degree=Pos	_	_	_	@evk2001f-wordsКатя56.18356.5
161	реально	реально	ADV	_	Degree=Pos	_	_	_	@evk2001f-wordsКатя56.5456.797
162	/	/	PUNCT	_	_	_	_	_	@evk2001f-wordsКатя56.79757.054
163	полвагона	полвагона	NOUN	_	Animacy=Inan|Case=Nom|Gender=Masc|Number=Sing	_	_	_	@evk2001f-wordsКатя57.05457.311
164	метро	метро	NOUN	_	Animacy=Inan|Case=Gen|Gender=Neut|Number=Sing	_	_	_	@evk2001f-wordsКатя57.31157.568
165	/	/	PUNCT	_	_	_	_	_	@evk2001f-wordsКатя57.56857.825
166	и	и	CCONJ	_	_	_	_	_	@evk2001f-wordsКатя57.82558.082
167	мы	мы	PRON	_	Case=Nom|Number=Plur|Person=1	_	_	_	@evk2001f-wordsКатя58.08258.339
168	пели	петь	VERB	_	Aspect=Imp|Mood=Ind|Number=Plur|Tense=Past|VerbForm=Fin|Voice=Act	_	_	_	@evk2001f-wordsКатя58.33958.596
169	ту	тот	DET	_	Case=Acc|Gender=Fem|Number=Sing	_	_	_	@evk2001f-wordsКатя58.59658.853
170	песню	песня	NOUN	_	Animacy=Inan|Case=Acc|Gender=Fem|Number=Sing	_	_	_	@evk2001f-wordsКатя58.85359.11
171	которую	который	PRON	_	Case=Acc	_	_	_	@evk2001f-wordsКатя59.15559.571
172	я	я	PRON	_	Case=Nom|Number=Sing|Person=1	_	_	_	@evk2001f-wordsКатя59.57159.988
173	начала	начать	VERB	_	Aspect=Perf|Gender=Fem|Mood=Ind|Number=Sing|Tense=Past|VerbForm=Fin|Voice=Act	_	_	_	@evk2001f-wordsКатя59.98860.405
174	вааще	ваасто	ADV	_	Degree=Cmp	_	_	_	@evk2001f-wordsКатя60.49560.804
175	офигенно	офигенно	ADV	_	Degree=Pos	_	_	_	@evk2001f-wordsКатя60.80461.113
176	/	/	PUNCT	_	_	_	_	_	@evk2001f-wordsКатя61.11361.422
177	они	они	PRON	_	Case=Nom|Number=Plur|Person=3	_	_	_	@evk2001f-wordsКатя61.42261.731
178	типа								
179	еще	еще	ADV	_	Degree=Pos	_	_	_	@evk2001f-wordsКатя62.0462.349
180	когда	когда	SCONJ	_	_	_	_	_	@evk2001f-wordsКатя62.34962.658
181	выходили	выходить	VERB	_	Aspect=Imp|Mood=Ind|Number=Plur|Tense=Past|VerbForm=Fin|Voice=Act	_	_	_	@evk2001f-wordsКатя62.65862.967
182	обнимались	обниматься	VERB	_	Aspect=Imp|Mood=Ind|Number=Plur|Tense=Past|VerbForm=Fin|Voice=Mid	_	_	_	@evk2001f-wordsКатя62.96763.276
183	там	там	ADV	_	Degree=Pos	_	_	_	@evk2001f-wordsКатя63.27663.585
184	всё	все	PRON	_	Animacy=Inan|Case=Acc|Gender=Neut|Number=Sing	_	_	_	@evk2001f-wordsКатя63.6463.865
185	такое	такой	DET	_	Case=Acc|Gender=Neut|Number=Sing	_	_	_	@evk2001f-wordsКатя63.86564.091
186	/	/	PUNCT	_	_	_	_	_	@evk2001f-wordsКатя64.09164.317
187	вообще	вообще	ADV	_	Degree=Pos	_	_	_	@evk2001f-wordsКатя64.31764.542
188	было	быть	AUX	_	Aspect=Imp|Gender=Neut|Mood=Ind|Number=Sing|Tense=Past|VerbForm=Fin|Voice=Act	_	_	_	@evk2001f-wordsКатя64.54264.768
189	очень	очень	ADV	_	Degree=Pos	_	_	_	@evk2001f-wordsКатя64.76864.994
190	прикольно	прикольно	ADV	_	Degree=Pos	_	_	_	@evk2001f-wordsКатя64.99465.22
191	вот	вот	PART	_	_	_	_	_	@evk2001f-wordsКатя65.2865.478
192	/	/	PUNCT	_	_	_	_	_	@evk2001f-wordsКатя65.47865.676
193	/	/	PUNCT	_	_	_	_	_	@evk2001f-wordsКатя65.67665.875
194	и	и	CCONJ	_	_	_	_	_	@evk2001f-wordsКатя65.87566.073
195	в	в	ADP	_	_	_	_	_	@evk2001f-wordsКатя66.07366.271
196	этот	этот	DET	_	Case=Acc|Gender=Masc|Number=Sing	_	_	_	@evk2001f-wordsКатя66.27166.47
197	момент	момент	NOUN	_	Animacy=Inan|Case=Acc|Gender=Masc|Number=Sing	_	_	_	@evk2001f-wordsКатя66.4766.668
198	/	/	PUNCT	_	_	_	_	_	@evk2001f-wordsКатя66.66866.866
199	мне	я	PRON	_	Case=Dat|Number=Sing|Person=1	_	_	_	@evk2001f-wordsКатя66.86667.065
200	было	быть	AUX	_	Aspect=Imp|Gender=Neut|Mood=Ind|Number=Sing|Tense=Past|VerbForm=Fin|Voice=Act	_	_	_	@evk2001f-wordsКатя67.06567.263
201	очень	очень	ADV	_	Degree=Pos	_	_	_	@evk2001f-wordsКатя67.26367.461
202	хорошо	хорошо	ADV	_	Degree=Pos	_	_	_	@evk2001f-wordsКатя67.46167.66
203	/	/	PUNCT	_	_	_	_	_	@evk2001f-wordsКатя67.6667.858
204	а	а	CCONJ	_	_	_	_	_	@evk2001f-wordsКатя67.85868.056
205	еще	еще	ADV	_	Degree=Pos	_	_	_	@evk2001f-wordsКатя68.05668.255
206	мне	я	PRON	_	Case=Dat|Number=Sing|Person=1	_	_	_	@evk2001f-wordsКатя68.25568.453
207	приходит	прийти	VERB	_	Aspect=Imp|Mood=Ind|Number=Sing|Person=3|Tense=Pres|VerbForm=Fin|Voice=Act	_	_	_	@evk2001f-wordsКатя68.45368.651
208	сообщение	сообщение	NOUN	_	Animacy=Inan|Case=Nom|Gender=Neut|Number=Sing	_	_	_	@evk2001f-wordsКатя68.65168.85
209	ну	ну	PART	_	_	_	_	_	@evk2001f-wordsКатя68.8769.036
210	там	там	ADV	_	Degree=Pos	_	_	_	@evk2001f-wordsКатя69.03669.203
211	типа	типа	PART	_	_	_	_	_	@evk2001f-wordsКатя69.20369.37
212	игра	игра	NOUN	_	Animacy=Inan|Case=Nom|Gender=Fem|Number=Sing	_	_	_	@evk2001f-wordsКатя69.4469.753
213	в	в	ADP	_	_	_	_	_	@evk2001f-wordsКатя69.75370.066
214	Киллера	Киллер	NOUN	_	Animacy=Anim|Case=Acc|Gender=Masc|Number=Sing	_	_	_	@evk2001f-wordsКатя70.3870.693
215	организована	организовать	VERB	_	Aspect=Perf|Gender=Fem|Number=Sing|Tense=Past|Variant=Short|VerbForm=Part|Voice=Pass	_	_	_	@evk2001f-wordsКатя71.00671.32
216	#цокает#	#цокает#	X	_	_	_	_	_	@evk2001f-wordsКатя71.8272.405
217	ааа	а	PART	_	_	_	_	_	@evk2001f-wordsКатя72.40572.99
218	этим	это	PRON	_	Animacy=Inan|Case=Ins|Gender=Neut|Number=Sing	_	_	_	@evk2001f-wordsКатя73.2473.91
219	как	как	SCONJ	_	_	_	_	_	@evk2001f-wordsКатя73.97574.395
220	называется	называться	VERB	_	Aspect=Imp|Mood=Ind|Number=Sing|Person=3|Tense=Pres|VerbForm=Fin|Voice=Mid	_	_	_	@evk2001f-wordsКатя74.39574.815
221	ботом	бот	NOUN	_	Animacy=Inan|Case=Ins|Gender=Masc|Number=Sing	_	_	_	@evk2001f-wordsКатя74.88575.191
222	в	в	ADP	_	_	_	_	_	@evk2001f-wordsКатя75.19175.498
223	ВК	ВК	PROPN	_	Animacy=Inan|Case=Acc|Gender=Fem|Number=Sing	_	_	_	@evk2001f-wordsКатя75.49875.805
224	и	и	CCONJ	_	_	_	_	_	@evk2001f-wordsКатя76.12576.41
225	/	/	PUNCT	_	_	_	_	_	@evk2001f-wordsКатя76.4176.696
226	мне	я	PRON	_	Case=Dat|Number=Sing|Person=1	_	_	_	@evk2001f-wordsКатя76.69676.981
227	приходит	приходить	VERB	_	Aspect=Imp|Mood=Ind|Number=Sing|Person=3|Tense=Pres|VerbForm=Fin|Voice=Act	_	_	_	@evk2001f-wordsКатя76.98177.267
228	сообщение	сообщение	NOUN	_	Animacy=Inan|Case=Acc|Gender=Neut|Number=Sing	_	_	_	@evk2001f-wordsКатя77.26777.552
229	от	от	ADP	_	_	_	_	_	@evk2001f-wordsКатя77.55277.838
230	бота	бот	NOUN	_	Animacy=Inan|Case=Gen|Gender=Masc|Number=Sing	_	_	_	@evk2001f-wordsКатя77.83878.123
231	с	с	ADP	_	_	_	_	_	@evk2001f-wordsКатя78.12378.409
232	целью	цель	NOUN	_	Animacy=Inan|Case=Ins|Gender=Fem|Number=Sing	_	_	_	@evk2001f-wordsКатя78.40978.695
233	как	как	SCONJ	_	_	_	_	_	@evk2001f-wordsКатя78.8979.197
234	думаешь	думать	VERB	_	Aspect=Imp|Mood=Ind|Number=Sing|Person=2|Tense=Pres|VerbForm=Fin|Voice=Act	_	_	_	@evk2001f-wordsКатя79.19779.505
235	/	/	PUNCT	_	_	_	_	_	@evk2001f-wordsКатя79.50579.812
236	кто?	кто	PRON	_	Case=Nom	_	_	_	@evk2001f-wordsКатя79.81280.12
237	Максим	Максим	PROPN	_	Animacy=Anim|Case=Nom|Gender=Masc|Number=Sing	_	_	_	@evk2001f-wordsКатя80.5481.54
238	это	это	PRON	_	Animacy=Inan|Case=Nom|Gender=Neut|Number=Sing	_	_	_	@evk2001f-wordsКатя82.5182.841
239	ваще	вообще	ADV	_	Degree=Pos	_	_	_	@evk2001f-wordsКатя82.84183.172
240	просто	просто	PART	_	_	_	_	_	@evk2001f-wordsКатя83.17283.503
241	пипец	пипец	NOUN	_	Animacy=Anim|Case=Nom|Gender=Masc|Number=Sing	_	_	_	@evk2001f-wordsКатя83.50383.835
242	/	/	PUNCT	_	_	_	_	_	@evk2001f-wordsКатя83.83584.166
243	я	я	PRON	_	Case=Nom|Number=Sing|Person=1	_	_	_	@evk2001f-wordsКатя84.16684.497
244	так	так	ADV	_	Degree=Pos	_	_	_	@evk2001f-wordsКатя84.49784.828
245	орала!	орать	VERB	_	Aspect=Imp|Gender=Fem|Mood=Ind|Number=Sing|Tense=Past|VerbForm=Fin|Voice=Act				
246	у	у	ADP	_	_	_	_	_	@evk2001f-wordsКатя85.2385.574
247	них	они	PRON	_	Case=Gen|Number=Plur|Person=3	_	_	_	@evk2001f-wordsКатя85.57485.918
248	короче	короче	PART	_	_	_	_	_	@evk2001f-wordsКатя85.91886.262
249	/	/	PUNCT	_	_	_	_	_	@evk2001f-wordsКатя86.26286.606
250	коалиция	коалиция	NOUN	_	Animacy=Inan|Case=Nom|Gender=Fem|Number=Sing	_	_	_	@evk2001f-wordsКатя86.60686.95
251	они…	они	PRON	_	Case=Nom|Number=Plur|Person=3	_	_	_	@evk2001f-wordsКатя87.1187.473
252	/	/	PUNCT	_	_	_	_	_	@evk2001f-wordsКатя87.47387.836
253	у	у	ADP	_	_	_	_	_	@evk2001f-wordsКатя87.83688.199
254	него	он	PRON	_	Case=Gen|Gender=Masc|Number=Sing|Person=3	_	_	_	@evk2001f-wordsКатя88.19988.562
255	друзья	друг	NOUN	_	Animacy=Anim|Case=Nom|Gender=Masc|Number=Plur	_	_	_	@evk2001f-wordsКатя88.56288.925
256	живут	жить	VERB	_	Aspect=Imp|Mood=Ind|Number=Plur|Person=3|Tense=Pres|VerbForm=Fin|Voice=Act	_	_	_	@evk2001f-wordsКатя88.92589.288
257	в	в	ADP	_	_	_	_	_	@evk2001f-wordsКатя89.28889.651
258	/	/	PUNCT	_	_	_	_	_	@evk2001f-wordsКатя89.65190.014
259	триста	триста	NUM	_	Case=Acc	_	_	_	@evk2001f-wordsКатя90.01490.377
260	два	два	NUM	_	Animacy=Inan|Case=Acc|Gender=Masc	_	_	_	@evk2001f-wordsКатя90.37790.74
261	он	он	PRON	_	Case=Nom|Gender=Masc|Number=Sing|Person=3	_	_	_	@evk2001f-wordsКатя90.80591.081
262	сам	сам	ADJ	_	Case=Nom|Degree=Pos|Gender=Masc|Number=Sing	_	_	_	@evk2001f-wordsКатя91.08191.358
263	живет	жить	VERB	_	Aspect=Imp|Mood=Ind|Number=Sing|Person=3|Tense=Pres|VerbForm=Fin|Voice=Act	_	_	_	@evk2001f-wordsКатя91.35891.635
264	в	в	ADP	_	_	_	_	_	@evk2001f-wordsКатя91.63591.911
265	триста	триста	NUM	_	Case=Acc	_	_	_	@evk2001f-wordsКатя91.91192.188
266	три	три	NUM	_	Animacy=Inan|Case=Acc	_	_	_	@evk2001f-wordsКатя92.18892.465
267	и	и	CCONJ	_	_	_	_	_	@evk2001f-wordsКатя92.47592.688
268	друзья	друг	NOUN	_	Animacy=Anim|Case=Nom|Gender=Masc|Number=Plur	_	_	_	@evk2001f-wordsКатя92.68892.901
269	живут	жить	VERB	_	Aspect=Imp|Mood=Ind|Number=Plur|Person=3|Tense=Pres|VerbForm=Fin|Voice=Act	_	_	_	@evk2001f-wordsКатя92.90193.115
270	в	в	ADP	_	_	_	_	_	@evk2001f-wordsКатя93.11593.328
271	триста	триста	NUM	_	Case=Acc	_	_	_	@evk2001f-wordsКатя93.32893.541
272	шесть	шесть	NUM	_	Case=Acc	_	_	_	@evk2001f-wordsКатя93.54193.755
273	вот	вот	NOUN	_	Animacy=Inan|Case=Gen|Gender=Fem|Number=Plur	_	_	_	@evk2001f-wordsКатя94.02594.425
274	и	и	CCONJ	_	_	_	_	_	@evk2001f-wordsКатя94.4994.725
275	триста	триста	NUM	_	Case=Nom	_	_	_	@evk2001f-wordsКатя94.72594.961
276	два	два	NUM	_	Animacy=Inan|Case=Acc|Gender=Masc	_	_	_	@evk2001f-wordsКатя94.96195.197
277	триста	триста	NUM	_	Case=Nom	_	_	_	@evk2001f-wordsКатя95.19795.432
278	три	три	NUM	_	Animacy=Inan|Case=Acc	_	_	_	@evk2001f-wordsКатя95.43295.668
279	триста	триста	NUM	_	Case=Acc	_	_	_	@evk2001f-wordsКатя95.66895.904
280	шесть	шесть	NUM	_	Case=Acc	_	_	_	@evk2001f-wordsКатя95.90496.14
281	это	этот	PRON	_	Animacy=Inan|Case=Acc|Gender=Neut|Number=Sing	_	_	_	@evk2001f-wordsКатя96.2196.578
282	комнаты	комната	NOUN	_	Animacy=Inan|Case=Nom|Gender=Fem|Number=Plur	_	_	_	@evk2001f-wordsКатя96.57896.947
283	которые	который	PRON	_	Case=Acc	_	_	_	@evk2001f-wordsКатя96.94797.315
284	/	/	PUNCT	_	_	_	_	_	@evk2001f-wordsКатя97.31597.684
285	состоят	состоять	VERB	_	Aspect=Imp|Mood=Ind|Number=Plur|Person=3|Tense=Pres|VerbForm=Fin|Voice=Act	_	_	_	@evk2001f-wordsКатя97.68498.052
286	в	в	ADP	_	_	_	_	_	@evk2001f-wordsКатя98.05298.421
287	коалиции	коалиция	NOUN	_	Animacy=Inan|Case=Loc|Gender=Fem|Number=Sing	_	_	_	@evk2001f-wordsКатя98.42198.79
288	и	и	CCONJ	_	_	_	_	_	@evk2001f-wordsКатя98.9299.194
289	их	они	PRON	_	Case=Gen|Number=Plur|Person=3	_	_	_	@evk2001f-wordsКатя99.19499.468
290	короче	короче	PART	_	_	_	_	_	@evk2001f-wordsКатя99.46899.743
291	там	там	ADV	_	Degree=Pos	_	_	_	@evk2001f-wordsКатя99.743100.017
292	шесть	шесть	NUM	_	Case=Nom	_	_	_	@evk2001f-wordsКатя100.017100.292
293	человек	человек	NOUN	_	Animacy=Anim|Case=Gen|Gender=Masc|Number=Plur	_	_	_	@evk2001f-wordsКатя100.292100.566
294	/	/	PUNCT	_	_	_	_	_	@evk2001f-wordsКатя100.566100.841
295	ну	ну	PART	_	_	_	_	_	@evk2001f-wordsКатя100.841101.115
296	типа	типа	PART	_	_	_	_	_	@evk2001f-wordsКатя101.115101.39
297	частично	частично	ADV	_	Degree=Pos	_	_	_	@evk2001f-wordsКатя101.555102.445
298	а	а	CCONJ	_	_	_	_	_	@evk2001f-wordsКатя102.48102.654
299	/	/	PUNCT	_	_	_	_	_	@evk2001f-wordsКатя102.654102.828
300	ну	ну	PART	_	_	_	_	_	@evk2001f-wordsКатя102.828103.002
301	да	да	PART	_	_	_	_	_	@evk2001f-wordsКатя103.002103.177
302	/	/	PUNCT	_	_	_	_	_	@evk2001f-wordsКатя103.177103.351
303	шесть	шесть	NUM	_	Case=Acc	_	_	_	@evk2001f-wordsКатя103.351103.525
304	человек	человек	NOUN	_	Animacy=Anim|Case=Gen|Gender=Masc|Number=Plur	_	_	_	@evk2001f-wordsКатя103.525103.7
305	и	и	CCONJ	_	_	_	_	_	@evk2001f-wordsКатя104.06104.488
306	/	/	PUNCT	_	_	_	_	_	@evk2001f-wordsКатя104.488104.916
307	их	они	PRON	_	Case=Acc|Number=Plur|Person=3	_	_	_	@evk2001f-wordsКатя104.916105.345
308	просто	просто	PART	_	_	_	_	_	@evk2001f-wordsКатя105.345105.773
309	нереально	нереально	ADJ	_	Degree=Pos				
310	убить	убить	VERB	_	Aspect=Perf|VerbForm=Inf|Voice=Act	_	_	_	@evk2001f-wordsКатя106.201106.63
311	реально	реально	ADV	_	Degree=Pos	_	_	_	@evk2001f-wordsКатя106.685106.988
312	/	/	PUNCT	_	_	_	_	_	@evk2001f-wordsКатя106.988107.291
313	они	они	PRON	_	Case=Nom|Number=Plur|Person=3	_	_	_	@evk2001f-wordsКатя107.291107.595
314	везде	везде	ADV	_	Degree=Pos	_	_	_	@evk2001f-wordsКатя107.595107.898
315	ходят	ходить	VERB	_	Aspect=Imp|Mood=Ind|Number=Plur|Person=3|Tense=Pres|VerbForm=Fin|Voice=Act	_	_	_	@evk2001f-wordsКатя107.898108.201
316	вместе	вместе	ADV	_	Degree=Pos	_	_	_	@evk2001f-wordsКатя108.201108.505
317	они	они	PRON	_	Case=Nom|Number=Plur|Person=3	_	_	_	@evk2001f-wordsКатя108.555108.965
318	двери	дверь	NOUN	_	Animacy=Inan|Case=Nom|Gender=Fem|Number=Plur	_	_	_	@evk2001f-wordsКатя108.965109.375
319	закрывают	закрывать	VERB	_	Aspect=Imp|Mood=Ind|Number=Plur|Person=3|Tense=Pres|VerbForm=Fin|Voice=Act	_	_	_	@evk2001f-wordsКатя109.375109.785
320	нельзя	нельзя	ADV	_	Degree=Pos	_	_	_	@evk2001f-wordsКатя109.85110.217
321	убивать	убивать	VERB	_	Aspect=Imp|VerbForm=Inf|Voice=Act	_	_	_	@evk2001f-wordsКатя110.217110.585
322	короче	короче	PART	_	_	_	_	_	@evk2001f-wordsКатя110.585110.953
323	при	при	ADP	_	_	_	_	_	@evk2001f-wordsКатя110.953111.321
324	свидетелях	свидетель	NOUN	_	Animacy=Anim|Case=Loc|Gender=Masc|Number=Plur	_	_	_	@evk2001f-wordsКатя111.321111.688
325	/	/	PUNCT	_	_	_	_	_	@evk2001f-wordsКатя111.688112.056
326	ваще	вообще	ADV	_	Degree=Pos	_	_	_	@evk2001f-wordsКатя112.056112.424
327	любых	любой	DET	_	Case=Loc|Number=Plur	_	_	_	@evk2001f-wordsКатя112.424112.792
328	свидетелях	свидетель	NOUN	_	Animacy=Inan|Case=Loc|Gender=Fem|Number=Plur	_	_	_	@evk2001f-wordsКатя112.792113.16
329	#цокает#	#цокает#	X	_	_	_	_	_	@evk2001f-wordsКатя113.78114.182
330	при	при	ADP	_	_	_	_	_	@evk2001f-wordsКатя114.182114.585
331	спящих	спать	VERB	_	Aspect=Imp|Case=Gen|Number=Plur|Tense=Pres|VerbForm=Part|Voice=Act	_	_	_	@evk2001f-wordsКатя114.585114.987
332	можно	можно	ADV	_	Degree=Pos	_	_	_	@evk2001f-wordsКатя114.987115.39
333	но	но	CCONJ	_	_	_	_	_	@evk2001f-wordsКатя116.025116.277
334	нельзя	нельзя	ADV	_	Degree=Pos	_	_	_	@evk2001f-wordsКатя116.277116.529
335	будить	будить	VERB	_	Aspect=Imp|VerbForm=Inf|Voice=Act	_	_	_	@evk2001f-wordsКатя116.529116.781
336	ради	ради	ADP	_	_	_	_	_	@evk2001f-wordsКатя116.781117.033
337	того	то	PRON	_	Animacy=Inan|Case=Gen|Gender=Neut|Number=Sing	_	_	_	@evk2001f-wordsКатя117.033117.285
338	/	/	PUNCT	_	_	_	_	_	@evk2001f-wordsКатя117.285117.537
339	чтобы	чтобы	SCONJ	_	Mood=Cnd	_	_	_	@evk2001f-wordsКатя117.537117.789
340	эээ	э	PART	_	_	_	_	_	@evk2001f-wordsКатя117.789118.041
341	/	/	PUNCT	_	_	_	_	_	@evk2001f-wordsКатя118.041118.293
342	убить	убить	VERB	_	Aspect=Perf|VerbForm=Inf|Voice=Act	_	_	_	@evk2001f-wordsКатя118.293118.545
343	нельзя	нельзя	ADV	_	Degree=Pos	_	_	_	@evk2001f-wordsКатя118.74119.137
344	ааа	а	PART	_	_	_	_	_	@evk2001f-wordsКатя119.137119.534
345	типа	типа	PART	_	_	_	_	_	@evk2001f-wordsКатя119.534119.931
346	только	только	PART	_	_	_	_	_	@evk2001f-wordsКатя119.931120.328
347	что	что	SCONJ	_	_	_	_	_	@evk2001f-wordsКатя120.328120.725
348	проснувшегося	проснуться	VERB	_	Animacy=Anim|Aspect=Perf|Case=Acc|Gender=Masc|Number=Sing|Tense=Past|VerbForm=Part|Voice=Mid	_	_	_	@evk2001f-wordsКатя120.725121.122
349	будить	будить	VERB	_	Aspect=Imp|VerbForm=Inf|Voice=Act	_	_	_	@evk2001f-wordsКатя121.122121.52
350	нельзя	нельзя	ADV	_	Degree=Pos	_	_	_	@evk2001f-wordsКатя121.58121.833
351	убивать	убивать	VERB	_	Aspect=Imp|VerbForm=Inf|Voice=Act	_	_	_	@evk2001f-wordsКатя121.833122.086
352	в	в	ADP	_	_	_	_	_	@evk2001f-wordsКатя122.086122.34
353	туалетах	туалет	NOUN	_	Animacy=Inan|Case=Loc|Gender=Masc|Number=Plur	_	_	_	@evk2001f-wordsКатя122.34122.593
354	там	там	ADV	_	Degree=Pos	_	_	_	@evk2001f-wordsКатя122.593122.846
355	/	/	PUNCT	_	_	_	_	_	@evk2001f-wordsКатя122.846123.1
356	в	в	ADP	_	_	_	_	_	@evk2001f-wordsКатя123.1123.353
357	эээ	э							
358	душе	душ	NOUN	_	Animacy=Inan|Case=Loc|Gender=Masc|Number=Sing	_	_	_	@evk2001f-wordsКатя123.606123.86
359	/	/	PUNCT	_	_	_	_	_	@evk2001f-wordsКатя123.86124.113
360	всё	все	PRON	_	Animacy=Inan|Case=Nom|Gender=Neut|Number=Sing	_	_	_	@evk2001f-wordsКатя124.113124.366
361	такое	такой	DET	_	Case=Nom|Gender=Neut|Number=Sing	_	_	_	@evk2001f-wordsКатя124.366124.62
362	ааа	а	PART	_	_	_	_	_	@evk2001f-wordsКатя125.04125.86
363	и	и	CCONJ	_	_	_	_	_	@evk2001f-wordsКатя126.7127.208
364	типа	типа	PART	_	_	_	_	_	@evk2001f-wordsКатя127.208127.716
365	они	они	PRON	_	Case=Nom|Number=Plur|Person=3	_	_	_	@evk2001f-wordsКатя127.716128.225
366	всегда	всегда	ADV	_	Degree=Pos	_	_	_	@evk2001f-wordsКатя128.225128.733
367	вместе	вместе	ADV	_	Degree=Pos	_	_	_	@evk2001f-wordsКатя128.733129.241
368	ходят	ходить	VERB	_	Aspect=Imp|Mood=Ind|Number=Plur|Person=3|Tense=Pres|VerbForm=Fin|Voice=Act	_	_	_	@evk2001f-wordsКатя129.241129.75
369	это	это	PRON	_	Animacy=Inan|Case=Nom|Gender=Neut|Number=Sing	_	_	_	@evk2001f-wordsКатя129.81130.047
370	вообще	вообще	ADV	_	Degree=Pos	_	_	_	@evk2001f-wordsКатя130.047130.284
371	просто	просто	PART	_	_	_	_	_	@evk2001f-wordsКатя130.284130.521
372	нереально	нереальный	ADJ	_	Degree=Pos|Gender=Neut|Number=Sing|Variant=Short	_	_	_	@evk2001f-wordsКатя130.521130.759
373	/	/	PUNCT	_	_	_	_	_	@evk2001f-wordsКатя130.759130.996
374	/	/	PUNCT	_	_	_	_	_	@evk2001f-wordsКатя130.996131.233
375	у	у	ADP	_	_	_	_	_	@evk2001f-wordsКатя131.233131.47
376	меня	я	PRON	_	Case=Gen|Number=Sing|Person=1	_	_	_	@evk2001f-wordsКатя131.47131.708
377	был	быть	VERB	_	Aspect=Imp|Gender=Masc|Mood=Ind|Number=Sing|Tense=Past|VerbForm=Fin|Voice=Act	_	_	_	@evk2001f-wordsКатя131.708131.945
378	такой	такой	DET	_	Case=Nom|Gender=Masc|Number=Sing	_	_	_	@evk2001f-wordsКатя131.945132.182
379	план	план	NOUN	_	Animacy=Inan|Case=Nom|Gender=Masc|Number=Sing	_	_	_	@evk2001f-wordsКатя132.182132.42
380	такой	такой	DET	_	Case=Nom|Gender=Masc|Number=Sing	_	_	_	@evk2001f-wordsКатя132.51132.93
381	план	план	NOUN	_	Animacy=Inan|Case=Nom|Gender=Masc|Number=Sing	_	_	_	@evk2001f-wordsКатя132.93133.35
382	/	/	PUNCT	_	_	_	_	_	@evk2001f-wordsКатя133.35133.77
383	вааще	вообще	ADV	_	Degree=Pos	_	_	_	@evk2001f-wordsКатя133.77134.19
384	я	я	PRON	_	Case=Nom|Number=Sing|Person=1	_	_	_	@evk2001f-wordsКатя134.23134.52
385	сидела	сидеть	VERB	_	Aspect=Imp|Gender=Fem|Mood=Ind|Number=Sing|Tense=Past|VerbForm=Fin|Voice=Act	_	_	_	@evk2001f-wordsКатя134.52134.81
386	/	/	PUNCT	_	_	_	_	_	@evk2001f-wordsКатя134.81135.1
387	короче	короче	PART	_	_	_	_	_	@evk2001f-wordsКатя135.1135.39
388	мы	мы	PRON	_	Case=Nom|Number=Plur|Person=1	_	_	_	@evk2001f-wordsКатя135.56135.953
389	с	с	ADP	_	_	_	_	_	@evk2001f-wordsКатя135.953136.346
390	соседкой	соседка	ADJ	_	Case=Gen|Degree=Pos|Gender=Fem|Number=Sing	_	_	_	@evk2001f-wordsКатя136.346136.74
391	#цокает#	#цокает#	X	_	_	_	_	_	@evk2001f-wordsКатя136.93137.378
392	вместе	вместе	ADV	_	Degree=Pos	_	_	_	@evk2001f-wordsКатя137.378137.826
393	ходили	ходить	VERB	_	Aspect=Imp|Mood=Ind|Number=Plur|Tense=Past|VerbForm=Fin|Voice=Act	_	_	_	@evk2001f-wordsКатя137.826138.275
394	/	/	PUNCT	_	_	_	_	_	@evk2001f-wordsКатя138.275138.723
395	весь	весь	DET	_	Case=Acc|Gender=Masc|Number=Sing	_	_	_	@evk2001f-wordsКатя138.723139.171
396	вечер	вечер	NOUN	_	Animacy=Inan|Case=Acc|Gender=Masc|Number=Sing	_	_	_	@evk2001f-wordsКатя139.171139.62
397	первый	первый	ADJ	_	Animacy=Inan|Case=Acc|Degree=Pos|Gender=Masc|Number=Sing	_	_	_	@evk2001f-wordsКатя139.85140.163
398	вечер	вечер	NOUN	_	Animacy=Inan|Case=Acc|Gender=Masc|Number=Sing	_	_	_	@evk2001f-wordsКатя140.163140.477
399	/	/	PUNCT	_	_	_	_	_	@evk2001f-wordsКатя140.477140.79
400	и	и	CCONJ	_	_	_	_	_	@evk2001f-wordsКатя140.79141.104
401	первое	первый	ADJ	_	Case=Acc|Degree=Pos|Gender=Neut|Number=Sing	_	_	_	@evk2001f-wordsКатя141.104141.418
402	утро	утро	NOUN	_	Animacy=Inan|Case=Acc|Gender=Neut|Number=Sing	_	_	_	@evk2001f-wordsКатя141.418141.731
403	/	/	PUNCT	_	_	_	_	_	@evk2001f-wordsКатя141.731142.045
404	везде	везде	ADV	_	Degree=Pos	_	_	_	@evk2001f-wordsКатя142.045142.359
405	вместе	вместе	ADV	_	Degree=Pos	_	_	_	@evk2001f-wordsКатя142.359142.672
406	ходили	ходить	VERB	_	Aspect=Imp|Mood=Ind|Number=Plur|Tense=Past|VerbForm=Fin|Voice=Act	_	_	_	@evk2001f-wordsКатя142.672142.986
407	вообще	вообще	ADV	_	Degree=Pos	_	_	_	@evk2001f-wordsКатя142.986143.3
408	типа	типа	PART	_	_	_	_	_	@evk2001f-wordsКатя143.43143.716
409	/	/	PUNCT	_	_	_	_	_	@evk2001f-wordsКатя143.716144.002
410	было	быть	AUX	_	Aspect=Imp|Gender=Neut|Mood=Ind|Number=Sing|Tense=Past|VerbForm=Fin|Voice=Act	_	_	_	@evk2001f-wordsКатя144.002144.288
411	весело	веселый	ADJ	_	Degree=Pos|Gender=Neut|Number=Sing|Variant=Short	_	_	_	@evk2001f-wordsКатя144.288144.575
412	на	на	ADP	_	_	_	_	_	@evk2001f-wordsКатя144.575144.861
413	самом	самый	ADJ	_	Case=Loc|Degree=Pos|Gender=Neut|Number=Sing	_	_	_	@evk2001f-wordsКатя144.861145.147
414	деле	дело	NOUN	_	Animacy=Inan|Case=Loc|Gender=Neut|Number=Sing	_	_	_	@evk2001f-wordsКатя145.147145.433
415	да	да	PART	_	_	_	_	_	@evk2001f-wordsКатя145.433145.72
416	но	но	CCONJ	_	_	_	_	_	@evk2001f-wordsКатя145.785146.015
417	потом	потом	ADV	_	Degree=Pos	_	_	_	@evk2001f-wordsКатя146.015146.245
418	у	у	ADP	_	_	_	_	_	@evk2001f-wordsКатя146.245146.475
419	меня	я	PRON	_	Case=Gen|Number=Sing|Person=1	_	_	_	@evk2001f-wordsКатя146.475146.705
420	появился	появиться	VERB	_	Aspect=Perf|Gender=Masc|Mood=Ind|Number=Sing|Tense=Past|VerbForm=Fin|Voice=Mid	_	_	_	@evk2001f-wordsКатя146.705146.935
421	гениальный	гениальный	ADJ	_	Case=Nom|Degree=Pos|Gender=Masc|Number=Sing	_	_	_	@evk2001f-wordsКатя146.935147.165
422	план	план	NOUN	_	Animacy=Inan|Case=Nom|Gender=Masc|Number=Sing	_	_	_	@evk2001f-wordsКатя147.165147.395
423	/	/	PUNCT	_	_	_	_	_	@evk2001f-wordsКатя147.395147.625
424	как	как	SCONJ	_	_	_	_	_	@evk2001f-wordsКатя147.625147.855
425	завалить	завалить	VERB	_	Aspect=Perf|VerbForm=Inf|Voice=Act	_	_	_	@evk2001f-wordsКатя147.855148.085
426	Максима	Максим	PROPN	_	Animacy=Anim|Case=Acc|Gender=Masc|Number=Sing	_	_	_	@evk2001f-wordsКатя148.085148.315
427	вот	вот	PART	_	_	_	_	_	@evk2001f-wordsКатя148.57149.04
428	/	/	PUNCT	_	_	_	_	_	@evk2001f-wordsКатя149.04149.51
429	и	и	CCONJ	_	_	_	_	_	@evk2001f-wordsКатя149.51149.98
430	я	я	PRON	_	Case=Nom|Number=Sing|Person=1	_	_	_	@evk2001f-wordsКатя149.98150.45
431	села	сесть	VERB	_	Aspect=Perf|Gender=Fem|Mood=Ind|Number=Sing|Tense=Past|VerbForm=Fin|Voice=Mid	_	_	_	@evk2001f-wordsКатя150.45150.92
432	на	на	ADP	_	_	_	_	_	@evk2001f-wordsКатя150.92151.39
433	диванчик	диванчик	NOUN	_	Animacy=Inan|Case=Acc|Gender=Masc|Number=Sing	_	_	_	@evk2001f-wordsКатя151.39151.86
434	одна	один	DET	_	Case=Nom|Degree=Pos|Gender=Fem|Number=Sing	_	_	_	@evk2001f-wordsКатя151.86152.33
435	пишу	писать	VERB	_	Aspect=Imp|Mood=Ind|Number=Sing|Person=1|Tense=Pres|VerbForm=Fin|Voice=Act	_	_	_	@evk2001f-wordsКатя152.53153.08
436	Максиму	Максим	PROPN	_	Animacy=Inan|Case=Acc|Gender=Fem|Number=Sing	_	_	_	@evk2001f-wordsКатя153.08153.63
437	я	я	PRON	_	Case=Nom|Number=Sing|Person=1	_	_	_	@evk2001f-wordsКатя153.95154.307
438	/	/	PUNCT	_	_	_	_	_	@evk2001f-wordsКатя154.307154.664
439	до	до	ADP	_	_	_	_	_	@evk2001f-wordsКатя154.664155.021
440	этого	этот	DET	_	Case=Gen|Gender=Masc|Number=Sing	_	_	_	@evk2001f-wordsКатя155.021155.379
441	момента	момент	NOUN	_	Animacy=Inan|Case=Gen|Gender=Masc|Number=Sing	_	_	_	@evk2001f-wordsКатя155.379155.736
442	/	/	PUNCT	_	_	_	_	_	@evk2001f-wordsКатя155.736156.093
443	боялась	бояться	VERB	_	Aspect=Imp|Gender=Fem|Mood=Ind|Number=Sing|Tense=Past|VerbForm=Fin|Voice=Mid	_	_	_	@evk2001f-wordsКатя156.093156.45
444	ваще	вообще	ADV	_	Degree=Pos	_	_	_	@evk2001f-wordsКатя156.45156.808
445	всех	все	DET	_	Case=Gen|Number=Plur	_	_	_	@evk2001f-wordsКатя156.808157.165
446	и	и	CCONJ	_	_	_	_	_	@evk2001f-wordsКатя157.165157.522
447	вся	весь	DET	_	Case=Nom|Gender=Fem|Number=Sing	_	_	_	@evk2001f-wordsКатя157.522157.88
448	типа	типа	PART	_	_	_	_	_	@evk2001f-wordsКатя158.0158.208
449	/	/	PUNCT	_	_	_	_	_	@evk2001f-wordsКатя158.208158.416
450	даже	даже	PART	_	_	_	_	_	@evk2001f-wordsКатя158.416158.624
451	своих	свой	DET	_	Case=Acc|Number=Plur	_	_	_	@evk2001f-wordsКатя158.624158.832
452	одногруппников	одногруппник	NOUN	_	Animacy=Anim|Case=Acc|Gender=Masc|Number=Plur	_	_	_	@evk2001f-wordsКатя158.832159.04
453	/	/	PUNCT	_	_	_	_	_	@evk2001f-wordsКатя159.04159.249
454	даже	даже	PART	_	_	_	_	_	@evk2001f-wordsКатя159.249159.457
455	тех	тот	DET	_	Case=Gen|Number=Plur	_	_	_	@evk2001f-wordsКатя159.457159.665
456	кто	кто	PRON	_	Case=Nom	_	_	_	@evk2001f-wordsКатя159.665159.873
457	не	не	PART	_	_	_	_	_	@evk2001f-wordsКатя159.873160.081
458	играет	играть	VERB	_	Aspect=Imp|Mood=Ind|Number=Sing|Person=3|Tense=Pres|VerbForm=Fin|Voice=Act	_	_	_	@evk2001f-wordsКатя160.081160.29
459	/	/	PUNCT	_	_	_	_	_	@evk2001f-wordsКатя160.29160.498
460	а	а	CCONJ	_	_	_	_	_	@evk2001f-wordsКатя160.498160.706
461	вдруг	вдруг	ADV	_	Degree=Pos	_	_	_	@evk2001f-wordsКатя160.706160.914
462	они	они	PRON	_	Case=Nom|Number=Plur|Person=3	_	_	_	@evk2001f-wordsКатя160.914161.122
463	играют	играть	VERB	_	Aspect=Imp|Mood=Ind|Number=Plur|Person=3|Tense=Pres|VerbForm=Fin|Voice=Act	_	_	_	@evk2001f-wordsКатя161.122161.33
464	/	/	PUNCT	_	_	_	_	_	@evk2001f-wordsКатя161.33161.539
465	обманывают	обманывать	VERB	_	Aspect=Imp|Mood=Ind|Number=Plur|Person=3|Tense=Pres|VerbForm=Fin|Voice=Act	_	_	_	@evk2001f-wordsКатя161.539161.747
466	там	там	ADV	_	Degree=Pos	_	_	_	@evk2001f-wordsКатя161.747161.955
467	/	/	PUNCT	_	_	_	_	_	@evk2001f-wordsКатя161.955162.163
468	всё	все	PRON	_	Animacy=Inan|Case=Nom|Gender=Neut|Number=Sing	_	_	_	@evk2001f-wordsКатя162.163162.371
469	такое	такой	DET	_	Case=Nom|Gender=Neut|Number=Sing	_	_	_	@evk2001f-wordsКатя162.371162.58
470	и	и	CCONJ	_	_	_	_	_	@evk2001f-wordsКатя163.54163.896
471	/	/	PUNCT	_	_	_	_	_	@evk2001f-wordsКатя163.896164.253
472	блин	блин	PART	_	_	_	_	_	@evk2001f-wordsКатя164.253164.61
473	первый	первый	ADJ	_	Case=Nom|Degree=Pos|Gender=Masc|Number=Sing	_	_	_	@evk2001f-wordsКатя165.215165.595
474	человек	человек	NOUN	_	Animacy=Anim|Case=Nom|Gender=Masc|Number=Sing	_	_	_	@evk2001f-wordsКатя165.595165.975
475	которого	который	PRON	_	Case=Gen	_	_	_	@evk2001f-wordsКатя165.975166.355
476	я	я	PRON	_	Case=Nom|Number=Sing|Person=1	_	_	_	@evk2001f-wordsКатя166.355166.735
477	не	не	PART	_	_	_	_	_	@evk2001f-wordsКатя166.735167.115
478	забоялась	забояться	VERB	_	Aspect=Imp|Gender=Fem|Mood=Ind|Number=Sing|Tense=Past|VerbForm=Fin|Voice=Mid	_	_	_	@evk2001f-wordsКатя167.115167.495
479	я	я	PRON	_	Case=Nom|Number=Sing|Person=1	_	_	_	@evk2001f-wordsКатя167.57167.845
480	сидела	сидеть	VERB	_	Aspect=Imp|Gender=Fem|Mood=Ind|Number=Sing|Tense=Past|VerbForm=Fin|Voice=Act	_	_	_	@evk2001f-wordsКатя167.845168.12
481	на	на	ADP	_	_	_	_	_	@evk2001f-wordsКатя168.12168.395
482	диванчике	диванчик	NOUN	_	Animacy=Inan|Case=Loc|Gender=Fem|Number=Sing	_	_	_	@evk2001f-wordsКатя168.395168.67
483	я	я	PRON	_	Case=Nom|Number=Sing|Person=1	_	_	_	@evk2001f-wordsКатя168.74169.477
484	была	быть	AUX	_	Aspect=Imp|Gender=Fem|Mood=Ind|Number=Sing|Tense=Past|VerbForm=Fin|Voice=Act	_	_	_	@evk2001f-wordsКатя169.477170.215
485	вообще	вообще	ADV	_	Degree=Pos	_	_	_	@evk2001f-wordsКатя170.215170.952
486	excited	excited	X	_	Foreign=Yes	_	_	_	@evk2001f-wordsКатя170.952171.69
487	убить	убить	VERB	_	Aspect=Perf|VerbForm=Inf|Voice=Act	_	_	_	@evk2001f-wordsКатя171.84172.35
488	/	/	PUNCT	_	_	_	_	_	@evk2001f-wordsКатя172.35172.86
489	Максима	Максим	PROPN	_	Animacy=Anim|Case=Nom|Gender=Masc|Number=Sing	_	_	_	@evk2001f-wordsКатя172.86173.37
490	и	и	CCONJ	_	_	_	_	_	@evk2001f-wordsКатя173.445173.883
491	поднимается	подниматься	VERB	_	Aspect=Imp|Mood=Ind|Number=Sing|Person=3|Tense=Pres|VerbForm=Fin|Voice=Mid	_	_	_	@evk2001f-wordsКатя173.883174.322
492	сосед	сосед	NOUN	_	Animacy=Anim|Case=Nom|Gender=Masc|Number=Sing	_	_	_	@evk2001f-wordsКатя174.322174.76
493	/	/	PUNCT	_	_	_	_	_	@evk2001f-wordsКатя174.76175.199
494	из	из	ADP	_	_	_	_	_	@evk2001f-wordsКатя175.199175.637
495	триста	триста	NUM	_	Case=Acc	_	_	_	@evk2001f-wordsКатя175.637176.076
496	шесть	шесть	NUM	_	Case=Acc	_	_	_	@evk2001f-wordsКатя176.076176.515
497	вот	вот	PART	_	_	_	_	_	@evk2001f-wordsКатя177.36177.71
498	ааа	а	PART	_	_	_	_	_	@evk2001f-wordsКатя178.185179.085
499	я	я	PRON	_	Case=Nom|Number=Sing|Person=1	_	_	_	@evk2001f-wordsКатя179.72179.974
500	смотрю	смотреть	VERB	_	Aspect=Imp|Mood=Ind|Number=Sing|Person=1|Tense=Pres|VerbForm=Fin|Voice=Act	_	_	_	@evk2001f-wordsКатя179.974180.228
501	на	на	ADP	_	_	_	_	_	@evk2001f-wordsКатя180.228180.483
502	него	он	PRON	_	Case=Acc|Gender=Masc|Number=Sing|Person=3	_	_	_	@evk2001f-wordsКатя180.483180.737
503	/	/	PUNCT	_	_	_	_	_	@evk2001f-wordsКатя180.737180.992
504	он	он	PRON	_	Case=Nom|Gender=Masc|Number=Sing|Person=3	_	_	_	@evk2001f-wordsКатя180.992181.246
505	смотрит	смотреть	VERB	_	Aspect=Imp|Mood=Ind|Number=Sing|Person=3|Tense=Pres|VerbForm=Fin|Voice=Act	_	_	_	@evk2001f-wordsКатя181.246181.501
506	на	на	ADP	_	_	_	_	_	@evk2001f-wordsКатя181.501181.755
507	меня	я	PRON	_	Case=Acc|Number=Sing|Person=1	_	_	_	@evk2001f-wordsКатя181.755182.01
508	он	он	PRON	_	Case=Nom|Gender=Masc|Number=Sing|Person=3	_	_	_	@evk2001f-wordsКатя182.095182.478
509	типа	типа	PART	_	_	_	_	_	@evk2001f-wordsКатя182.478182.861
510	пугается	пугаться	VERB	_	Aspect=Imp|Mood=Ind|Number=Sing|Person=3|Tense=Pres|VerbForm=Fin|Voice=Mid	_	_	_	@evk2001f-wordsКатя182.861183.245
511	я	я	PRON	_	Case=Nom|Number=Sing|Person=1	_	_	_	@evk2001f-wordsКатя183.56183.843
512	такая	такой	DET	_	Case=Nom|Gender=Fem|Number=Sing	_	_	_	@evk2001f-wordsКатя183.843184.126
513	/	/	PUNCT	_	_	_	_	_	@evk2001f-wordsКатя184.126184.41
514	отхожу	отходить	VERB	_	Aspect=Imp|Mood=Ind|Number=Sing|Person=1|Tense=Pres|VerbForm=Fin|Voice=Act	_	_	_	@evk2001f-wordsКатя184.41184.693
515	в	в	ADP	_	_	_	_	_	@evk2001f-wordsКатя184.693184.976
516	сторону	сторона	NOUN	_	Animacy=Inan|Case=Acc|Gender=Fem|Number=Sing	_	_	_	@evk2001f-wordsКатя184.976185.26
517	говорю	говорить	VERB	_	Aspect=Imp|Mood=Ind|Number=Sing|Person=1|Tense=Pres|VerbForm=Fin|Voice=Act	_	_	_	@evk2001f-wordsКатя185.3185.618
518	/	/	PUNCT	_	_	_	_	_	@evk2001f-wordsКатя185.618185.937
519	проходи	проходить	VERB	_	Aspect=Imp|Mood=Imp|Number=Sing|Person=2|VerbForm=Fin|Voice=Act	_	_	_	@evk2001f-wordsКатя185.937186.256
520	/	/	PUNCT	_	_	_	_	_	@evk2001f-wordsКатя186.256186.575
521	быстрее	быстро	ADV	_	Degree=Cmp	_	_	_	@evk2001f-wordsКатя186.575186.894
522	/	/	PUNCT	_	_	_	_	_	@evk2001f-wordsКатя186.894187.213
523	давай	давай	PART	_	_	_	_	_	@evk2001f-wordsКатя187.213187.532
524	/	/	PUNCT	_	_	_	_	_	@evk2001f-wordsКатя187.532187.851
525	уходи	уходить	VERB	_	Aspect=Perf|Mood=Imp|Number=Sing|Person=2|VerbForm=Fin|Voice=Act	_	_	_	@evk2001f-wordsКатя187.851188.17
526	чтобы	чтобы	SCONJ	_	Mood=Cnd	_	_	_	@evk2001f-wordsКатя188.26188.56
527	он	он	PRON	_	Case=Nom|Gender=Masc|Number=Sing|Person=3	_	_	_	@evk2001f-wordsКатя188.56188.86
528	мне	я	PRON	_	Case=Dat|Number=Sing|Person=1	_	_	_	@evk2001f-wordsКатя188.86189.16
529	не	не	PART	_	_	_	_	_	@evk2001f-wordsКатя189.16189.46
530	испортил	испортить	VERB	_	Aspect=Imp|Gender=Masc|Mood=Ind|Number=Sing|Tense=Past|VerbForm=Fin|Voice=Act	_	_	_	@evk2001f-wordsКатя189.46189.76
531	ничего	ничто	PRON	_	Case=Gen	_	_	_	@evk2001f-wordsКатя189.76190.06
532	я	я	PRON	_	Case=Nom|Number=Sing|Person=1	_	_	_	@evk2001f-wordsКатя190.09190.546
533	/	/	PUNCT	_	_	_	_	_	@evk2001f-wordsКатя190.546191.002
534	была	быть	AUX	_	Aspect=Imp|Gender=Fem|Mood=Ind|Number=Sing|Tense=Past|VerbForm=Fin|Voice=Act	_	_	_	@evk2001f-wordsКатя191.002191.459
535	/	/	PUNCT	_	_	_	_	_	@evk2001f-wordsКатя191.459191.915
536	максимально	максимально	ADV	_	Degree=Pos	_	_	_	@evk2001f-wordsКатя191.915192.371
537	/	/	PUNCT	_	_	_	_	_	@evk2001f-wordsКатя192.371192.828
538	готова	готовый	ADJ	_	Degree=Pos|Gender=Fem|Number=Sing|Variant=Short	_	_	_	@evk2001f-wordsКатя192.828193.284
539	/	/	PUNCT	_	_	_	_	_	@evk2001f-wordsКатя193.284193.74
540	э	э	PART	_	_	_	_	_	@evk2001f-wordsКатя193.74194.197
541	убить	убить	VERB	_	Aspect=Perf|VerbForm=Inf|Voice=Act	_	_	_	@evk2001f-wordsКатя194.197194.653
542	Максима	Максим	PROPN	_	Animacy=Anim|Case=Acc|Gender=Masc|Number=Sing	_	_	_	@evk2001f-wordsКатя194.653195.11
543	вот	вот	PART	_	_	_	_	_	@evk2001f-wordsКатя195.2195.84
544	я	я	PRON	_	Case=Nom|Number=Sing|Person=1	_	_	_	@evk2001f-wordsКатя196.12196.49
545	сажусь	садиться	VERB	_	Aspect=Imp|Mood=Ind|Number=Sing|Person=1|Tense=Pres|VerbForm=Fin|Voice=Act	_	_	_	@evk2001f-wordsКатя196.49196.86
546	обратно	обратно	ADV	_	Degree=Pos	_	_	_	@evk2001f-wordsКатя196.86197.23
547	на	на	ADP	_	_	_	_	_	@evk2001f-wordsКатя197.23197.6
548	диванчик	диванчик	NOUN	_	Animacy=Inan|Case=Acc|Gender=Masc|Number=Sing	_	_	_	@evk2001f-wordsКатя197.6197.97
549	и	и	CCONJ	_	_	_	_	_	@evk2001f-wordsКатя198.075198.377
550	я	я	PRON	_	Case=Nom|Number=Sing|Person=1	_	_	_	@evk2001f-wordsКатя198.377198.68
551	слышу	слышать	VERB	_	Aspect=Imp|Mood=Ind|Number=Sing|Person=1|Tense=Pres|VerbForm=Fin|Voice=Act	_	_	_	@evk2001f-wordsКатя198.68198.982
552	бег	бег	NOUN	_	Animacy=Inan|Case=Nom|Gender=Masc|Number=Sing	_	_	_	@evk2001f-wordsКатя198.982199.285
553	и	и	CCONJ	_	_	_	_	_	@evk2001f-wordsКатя199.41199.663
554	я	я	PRON	_	Case=Nom|Number=Sing|Person=1	_	_	_	@evk2001f-wordsКатя199.663199.916
555	понимаю	понимать	VERB	_	Aspect=Imp|Mood=Ind|Number=Sing|Person=1|Tense=Pres|VerbForm=Fin|Voice=Act	_	_	_	@evk2001f-wordsКатя199.916200.17
556	/	/	PUNCT	_	_	_	_	_	@evk2001f-wordsКатя200.17200.423
557	что	что	SCONJ	_	_	_	_	_	@evk2001f-wordsКатя200.423200.676
558	он	он	PRON	_	Case=Nom|Gender=Masc|Number=Sing|Person=3	_	_	_	@evk2001f-wordsКатя200.676200.93
559	бежит	бежать	VERB	_	Aspect=Imp|Mood=Ind|Number=Sing|Person=3|Tense=Pres|VerbForm=Fin|Voice=Act	_	_	_	@evk2001f-wordsКатя200.93201.183
560	ко	к	ADP	_	_	_	_	_	@evk2001f-wordsКатя201.183201.436
561	мне	я	PRON	_	Case=Dat|Number=Sing|Person=1	_	_	_	@evk2001f-wordsКатя201.436201.69
562	а	а	CCONJ	_	_	_	_	_	@evk2001f-wordsКатя201.75202.014
563	чтобы	чтобы	SCONJ	_	Mood=Cnd	_	_	_	@evk2001f-wordsКатя202.014202.279
564	убить	убить	VERB	_	Aspect=Perf|VerbForm=Inf|Voice=Act	_	_	_	@evk2001f-wordsКатя202.279202.543
565	нужно	нужно	ADV	_	Degree=Pos	_	_	_	@evk2001f-wordsКатя202.543202.808
566	дотронуться	дотронуться	VERB	_	Aspect=Perf|VerbForm=Inf|Voice=Mid	_	_	_	@evk2001f-wordsКатя202.808203.073
567	/	/	PUNCT	_	_	_	_	_	@evk2001f-wordsКатя203.073203.337
568	и	и	CCONJ	_	_	_	_	_	@evk2001f-wordsКатя203.337203.602
569	я	я	PRON	_	Case=Nom|Number=Sing|Person=1	_	_	_	@evk2001f-wordsКатя203.602203.866
570	короче	короче	PART	_	_	_	_	_	@evk2001f-wordsКатя203.866204.131
571	/	/	PUNCT	_	_	_	_	_	@evk2001f-wordsКатя204.131204.396
572	ааа	а	PART	_	_	_	_	_	@evk2001f-wordsКатя204.396204.66
573	в	в	ADP	_	_	_	_	_	@evk2001f-wordsКатя204.66204.925
574	сторону	сторона	NOUN	_	Animacy=Inan|Case=Acc|Gender=Fem|Number=Sing	_	_	_	@evk2001f-wordsКатя204.925205.19
575	#цокает#	#цокает#	X	_	_	_	_	_	@evk2001f-wordsКатя205.69206.415
576	ааа	а	PART	_	_	_	_	_	@evk2001f-wordsКатя206.415207.14
577	дергаюсь	дергаться	VERB	_	Aspect=Imp|Mood=Ind|Number=Sing|Person=1|Tense=Pres|VerbForm=Fin|Voice=Mid	_	_	_	@evk2001f-wordsКатя208.32208.682
578	чтобы	чтобы	SCONJ	_	Mood=Cnd	_	_	_	@evk2001f-wordsКатя208.682209.045
579	он	он	PRON	_	Case=Nom|Gender=Masc|Number=Sing|Person=3	_	_	_	@evk2001f-wordsКатя209.045209.408
580	не	не	PART	_	_	_	_	_	@evk2001f-wordsКатя209.408209.771
581	успел	успеть	VERB	_	Aspect=Perf|Gender=Masc|Mood=Ind|Number=Sing|Tense=Past|VerbForm=Fin|Voice=Act	_	_	_	@evk2001f-wordsКатя209.771210.134
582	меня	я	PRON	_	Case=Acc|Number=Sing|Person=1	_	_	_	@evk2001f-wordsКатя210.134210.497
583	коснуться	коснуться	VERB	_	Aspect=Perf|VerbForm=Inf|Voice=Mid	_	_	_	@evk2001f-wordsКатя210.497210.86
584	и	и	CCONJ	_	_	_	_	_	@evk2001f-wordsКатя211.49211.806
585	падаю	падать	VERB	_	Aspect=Imp|Mood=Ind|Number=Sing|Person=1|Tense=Pres|VerbForm=Fin|Voice=Act	_	_	_	@evk2001f-wordsКатя211.806212.123
586	короче	короче	PART	_	_	_	_	_	@evk2001f-wordsКатя212.123212.44
587	на	на	ADP	_	_	_	_	_	@evk2001f-wordsКатя212.44212.756
588	пол	пол	NUM	_	_	_	_	_	@evk2001f-wordsКатя212.756213.073
589	#смеется#	#смеется#	X	_	_	_	_	_	@evk2001f-wordsКатя213.073213.39
590	а	а	CCONJ	_	_	_	_	_	@evk2001f-wordsКатя213.77214.166
591	он	он	PRON	_	Case=Nom|Gender=Masc|Number=Sing|Person=3	_	_	_	@evk2001f-wordsКатя214.166214.562
592	чтобы	чтобы	SCONJ	_	Mood=Cnd	_	_	_	@evk2001f-wordsКатя214.562214.958
593	всё	все	PRON	_	Animacy=Inan|Case=Acc|Gender=Neut|Number=Sing	_	_	_	@evk2001f-wordsКатя214.958215.354
594	-	-	PUNCT	_	_	_	_	_	@evk2001f-wordsКатя215.354215.75
595	таки	таки	PART	_	_	_	_	_	@evk2001f-wordsКатя215.75216.146
596	коснуться	коснуться	VERB	_	Aspect=Perf|VerbForm=Inf|Voice=Mid	_	_	_	@evk2001f-wordsКатя216.146216.542
597	меня	я	PRON	_	Case=Acc|Number=Sing|Person=1	_	_	_	@evk2001f-wordsКатя216.542216.938
598	тоже	тоже	PART	_	_	_	_	_	@evk2001f-wordsКатя216.938217.334
599	падает	падать	VERB	_	Aspect=Imp|Mood=Ind|Number=Sing|Person=3|Tense=Pres|VerbForm=Fin|Voice=Act	_	_	_	@evk2001f-wordsКатя217.334217.73
600	#смеется#	#смеется#	X	_	_	_	_	_	@evk2001f-wordsКатя217.84218.047
601	/	/	PUNCT	_	_	_	_	_	@evk2001f-wordsКатя218.047218.255
602	мы	мы	PRON	_	Case=Nom|Number=Plur|Person=1	_	_	_	@evk2001f-wordsКатя218.255218.462
603	так	так	ADV	_	Degree=Pos	_	_	_	@evk2001f-wordsКатя218.462218.67
604	полежали	полежать	VERB	_	Aspect=Perf|Mood=Ind|Number=Plur|Tense=Past|VerbForm=Fin|Voice=Act	_	_	_	@evk2001f-wordsКатя218.67218.878
605	какое	какой	DET	_	Case=Acc|Gender=Neut|Number=Sing	_	_	_	@evk2001f-wordsКатя218.878219.085
606	-	-	PUNCT	_	_	_	_	_	@evk2001f-wordsКатя219.085219.293
607	то	то	PART	_	_	_	_	_	@evk2001f-wordsКатя219.293219.501
608	время	время	NOUN	_	Animacy=Inan|Case=Acc|Gender=Neut|Number=Sing	_	_	_	@evk2001f-wordsКатя219.501219.708
609	на	на	ADP	_	_	_	_	_	@evk2001f-wordsКатя219.708219.916
610	полу	пол	NOUN	_	Animacy=Inan|Case=Loc|Gender=Masc|Number=Sing	_	_	_	@evk2001f-wordsКатя219.916220.124
611	/	/	PUNCT	_	_	_	_	_	@evk2001f-wordsКатя220.124220.331
612	он	он	PRON	_	Case=Nom|Gender=Masc|Number=Sing|Person=3	_	_	_	@evk2001f-wordsКатя220.331220.539
613	такой	такой	DET	_	Case=Nom|Gender=Masc|Number=Sing	_	_	_	@evk2001f-wordsКатя220.539220.747
614	/	/	PUNCT	_	_	_	_	_	@evk2001f-wordsКатя220.747220.954
615	ты	ты	PRON	_	Case=Nom|Number=Sing|Person=2	_	_	_	@evk2001f-wordsКатя220.954221.162
616	убита	убить	VERB	_	Aspect=Perf|Gender=Fem|Number=Sing|Tense=Past|Variant=Short|VerbForm=Part|Voice=Pass	_	_	_	@evk2001f-wordsКатя221.162221.37
617	я	я	PRON	_	Case=Nom|Number=Sing|Person=1	_	_	_	@evk2001f-wordsКатя221.5221.75
618	так	так	ADV	_	Degree=Pos	_	_	_	@evk2001f-wordsКатя221.75222.0
619	орала	орать	VERB	_	Aspect=Imp|Gender=Fem|Mood=Ind|Number=Sing|Tense=Past|VerbForm=Fin|Voice=Act	_	_	_	@evk2001f-wordsКатя222.0222.25
620	вааще	вообще	ADV	_	Degree=Pos	_	_	_	@evk2001f-wordsКатя222.25222.5
621	это	это	PRON	_	Animacy=Inan|Case=Nom|Gender=Neut|Number=Sing	_	_	_	@evk2001f-wordsКатя222.5222.75
622	было	быть	AUX	_	Aspect=Imp|Gender=Neut|Mood=Ind|Number=Sing|Tense=Past|VerbForm=Fin|Voice=Act	_	_	_	@evk2001f-wordsКатя222.75223.0
623	очень	очень	ADV	_	Degree=Pos	_	_	_	@evk2001f-wordsКатя223.0223.25
624	смешно	смешно	ADV	_	Degree=Pos				
625	это	это	PRON	_	Animacy=Inan|Case=Nom|Gender=Neut|Number=Sing	_	_	_	@evk2001f-wordsКатя223.5223.772
626	один	один	NUM	_	Case=Nom|Gender=Masc	_	_	_	@evk2001f-wordsКатя223.772224.044
627	из	из	ADP	_	_	_	_	_	@evk2001f-wordsКатя224.044224.316
628	их	их	DET	_	_	_	_	_	@evk2001f-wordsКатя224.316224.588
629	коалиции	коалиция	NOUN	_	Animacy=Inan|Case=Gen|Gender=Fem|Number=Sing	_	_	_	@evk2001f-wordsКатя224.588224.86
630	а	а	CCONJ	_	_	_	_	_	@evk2001f-wordsКатя225.23225.472
631	еще	еще	ADV	_	Degree=Pos	_	_	_	@evk2001f-wordsКатя225.472225.714
632	я	я	PRON	_	Case=Nom|Number=Sing|Person=1	_	_	_	@evk2001f-wordsКатя225.714225.956
633	очень	очень	ADV	_	Degree=Pos	_	_	_	@evk2001f-wordsКатя225.956226.198
634	хорошо	хорошо	ADV	_	Degree=Pos	_	_	_	@evk2001f-wordsКатя226.198226.441
635	общаюсь	общаться	VERB	_	Aspect=Imp|Mood=Ind|Number=Sing|Person=1|Tense=Pres|VerbForm=Fin|Voice=Mid	_	_	_	@evk2001f-wordsКатя226.441226.683
636	с	с	ADP	_	_	_	_	_	@evk2001f-wordsКатя226.683226.925
637	его	его	DET	_	_	_	_	_	@evk2001f-wordsКатя226.925227.167
638	соседом	сосед	NOUN	_	Animacy=Anim|Case=Ins|Gender=Masc|Number=Sing	_	_	_	@evk2001f-wordsКатя227.167227.41
639	ну	ну	PART	_	_	_	_	_	@evk2001f-wordsКатя227.85228.116
640	иии	и	CCONJ	_	_	_	_	_	@evk2001f-wordsКатя228.116228.382
641	с	с	ADP	_	_	_	_	_	@evk2001f-wordsКатя228.382228.648
642	ним	он	PRON	_	Case=Ins|Gender=Masc|Number=Sing|Person=3	_	_	_	@evk2001f-wordsКатя228.648228.914
643	типа	типа	PART	_	_	_	_	_	@evk2001f-wordsКатя228.914229.18
644	общаюсь	общаться	VERB	_	Aspect=Imp|Mood=Ind|Number=Sing|Person=1|Tense=Pres|VerbForm=Fin|Voice=Mid	_	_	_	@evk2001f-wordsКатя229.18229.446
645	но	но	CCONJ	_	_	_	_	_	@evk2001f-wordsКатя229.446229.712
646	типа	типа	PART	_	_	_	_	_	@evk2001f-wordsКатя229.712229.978
647	это	это	PRON	_	Animacy=Inan|Case=Nom|Gender=Neut|Number=Sing	_	_	_	@evk2001f-wordsКатя229.978230.244
648	просто	просто	PART	_	_	_	_	_	@evk2001f-wordsКатя230.244230.51
649	пипец	пипец	NOUN	_	Animacy=Inan|Case=Nom|Gender=Masc|Number=Sing	_	_	_	@evk2001f-wordsКатя230.51230.776
650	он	он	PRON	_	Case=Nom|Gender=Masc|Number=Sing|Person=3	_	_	_	@evk2001f-wordsКатя230.776231.042
651	через	через	ADP	_	_	_	_	_	@evk2001f-wordsКатя231.042231.308
652	комнату	комната	NOUN	_	Animacy=Inan|Case=Acc|Gender=Fem|Number=Sing	_	_	_	@evk2001f-wordsКатя231.308231.574
653	живет	жить	VERB	_	Aspect=Imp|Mood=Ind|Number=Sing|Person=3|Tense=Pres|VerbForm=Fin|Voice=Act	_	_	_	@evk2001f-wordsКатя231.574231.84
654	я...	я	PRON	_	Case=Nom|Number=Sing|Person=1	_	_	_	@evk2001f-wordsКатя232.93233.168
655	я	я	PRON	_	Case=Nom|Number=Sing|Person=1	_	_	_	@evk2001f-wordsКатя233.168233.406
656	в	в	ADP	_	_	_	_	_	@evk2001f-wordsКатя233.406233.644
657	таком	такой	DET	_	Case=Loc|Gender=Masc|Number=Sing	_	_	_	@evk2001f-wordsКатя233.644233.882
658	шоке	шок	NOUN	_	Animacy=Inan|Case=Loc|Gender=Masc|Number=Sing	_	_	_	@evk2001f-wordsКатя233.882234.121
659	была	быть	AUX	_	Aspect=Imp|Gender=Fem|Mood=Ind|Number=Sing|Tense=Past|VerbForm=Fin|Voice=Act	_	_	_	@evk2001f-wordsКатя234.121234.359
660	/	/	PUNCT	_	_	_	_	_	@evk2001f-wordsКатя234.359234.597
661	когда	когда	SCONJ	_	_	_	_	_	@evk2001f-wordsКатя234.597234.835
662	он	он	PRON	_	Case=Nom|Gender=Masc|Number=Sing|Person=3	_	_	_	@evk2001f-wordsКатя234.835235.074
663	узнал	узнать	VERB	_	Aspect=Perf|Gender=Masc|Mood=Ind|Number=Sing|Tense=Past|VerbForm=Fin|Voice=Act	_	_	_	@evk2001f-wordsКатя235.074235.312
664	что	что	SCONJ	_	_	_	_	_	@evk2001f-wordsКатя235.312235.55
665	мы	мы	PRON	_	Case=Nom|Number=Plur|Person=1	_	_	_	@evk2001f-wordsКатя235.55235.788
666	должны	должен	ADJ	_	Degree=Pos|Number=Plur|Variant=Short	_	_	_	@evk2001f-wordsКатя235.788236.027
667	Максима	Максим	PROPN	_	Animacy=Anim|Case=Acc|Gender=Masc|Number=Sing	_	_	_	@evk2001f-wordsКатя236.027236.265
668	убить	убить	VERB	_	Aspect=Perf|VerbForm=Inf|Voice=Act	_	_	_	@evk2001f-wordsКатя236.265236.503
669	/	/	PUNCT	_	_	_	_	_	@evk2001f-wordsКатя236.503236.741
670	это…	это							
671	что	что	PRON	_	Case=Acc	_	_	_	@evk2001f-wordsКатя237.07237.33
672	я	я	PRON	_	Case=Nom|Number=Sing|Person=1	_	_	_	@evk2001f-wordsКатя237.33237.59
673	должна	должен	ADJ	_	Degree=Pos|Gender=Fem|Number=Sing|Variant=Short	_	_	_	@evk2001f-wordsКатя237.59237.85
674	Максима	Максим	PROPN	_	Animacy=Anim|Case=Acc|Gender=Masc|Number=Sing	_	_	_	@evk2001f-wordsКатя237.85238.11
675	убить	убить	VERB	_	Aspect=Perf|VerbForm=Inf|Voice=Act	_	_	_	@evk2001f-wordsКатя238.11238.37
676	/	/	PUNCT	_	_	_	_	_	@evk2001f-wordsКатя238.37238.63
677	это	это	DET	_	Case=Nom|Gender=Neut|Number=Sing	_	_	_	@evk2001f-wordsКатя238.63238.89
678	это	это	PRON	_	Animacy=Inan|Case=Nom|Gender=Neut|Number=Sing	_	_	_	@evk2001f-wordsКатя238.98239.262
679	было	быть	AUX	_	Aspect=Imp|Gender=Neut|Mood=Ind|Number=Sing|Tense=Past|VerbForm=Fin|Voice=Act	_	_	_	@evk2001f-wordsКатя239.262239.545
680	очень	очень	ADV	_	Degree=Pos	_	_	_	@evk2001f-wordsКатя239.545239.827
681	смешно	смешной	ADJ	_	Degree=Pos|Gender=Neut|Number=Sing|Variant=Short	_	_	_	@evk2001f-wordsКатя239.827240.11
682	вот	вот	PART	_	_	_	_	_	@evk2001f-wordsКатя240.87241.5
683	а	а	CCONJ	_	_	_	_	_	@evk2001f-wordsКатя241.85242.092
684	еще	еще	ADV	_	Degree=Pos	_	_	_	@evk2001f-wordsКатя242.092242.334
685	Максим	Максим	PROPN	_	Animacy=Anim|Case=Nom|Gender=Masc|Number=Sing	_	_	_	@evk2001f-wordsКатя242.334242.576
686	до	до	ADP	_	_	_	_	_	@evk2001f-wordsКатя242.576242.818
687	этого	это	PRON	_	Animacy=Inan|Case=Gen|Gender=Neut|Number=Sing	_	_	_	@evk2001f-wordsКатя242.818243.06
688	рофлил	рофлить	VERB	_	Aspect=Imp|Gender=Masc|Mood=Ind|Number=Sing|Tense=Past|VerbForm=Fin|Voice=Act	_	_	_	@evk2001f-wordsКатя243.06243.302
689	что	что	SCONJ	_	_	_	_	_	@evk2001f-wordsКатя243.302243.545
690	он	он	PRON	_	Case=Nom|Gender=Masc|Number=Sing|Person=3	_	_	_	@evk2001f-wordsКатя243.545243.787
691	должен	должен	ADJ	_	Degree=Pos|Gender=Masc|Number=Sing|Variant=Short	_	_	_	@evk2001f-wordsКатя243.787244.029
692	меня	я	PRON	_	Case=Acc|Number=Sing|Person=1	_	_	_	@evk2001f-wordsКатя244.029244.271
693	убить	убить	VERB	_	Aspect=Perf|VerbForm=Inf|Voice=Act	_	_	_	@evk2001f-wordsКатя244.271244.513
694	/	/	PUNCT	_	_	_	_	_	@evk2001f-wordsКатя244.513244.755
695	тоже	тоже	PART	_	_	_	_	_	@evk2001f-wordsКатя244.755244.997
696	смешно	смешной	ADJ	_	Degree=Pos|Gender=Neut|Number=Sing|Variant=Short	_	_	_	@evk2001f-wordsКатя244.997245.24
697	вот	вот	PART	_	_	_	_	_	@evk2001f-wordsКатя245.565246.01
698	и	и	PART	_	_	_	_	_	@evk2001f-wordsКатя246.01246.455
699	после	после	ADP	_	_	_	_	_	@evk2001f-wordsКатя246.455246.9
700	этого	это	PRON	_	Animacy=Inan|Case=Gen|Gender=Neut|Number=Sing	_	_	_	@evk2001f-wordsКатя246.9247.345
701	ну	ну	PART	_	_	_	_	_	@evk2001f-wordsКатя247.55247.847
702	мне	я	PRON	_	Case=Dat|Number=Sing|Person=1	_	_	_	@evk2001f-wordsКатя247.847248.144
703	вот	вот	PART	_	_	_	_	_	@evk2001f-wordsКатя248.144248.441
704	триста	триста	NUM	_	Case=Acc	_	_	_	@evk2001f-wordsКатя248.441248.738
705	два	два	NUM	_	Animacy=Inan|Case=Acc|Gender=Masc	_	_	_	@evk2001f-wordsКатя248.738249.035
706	триста	триста	NUM	_	Case=Acc	_	_	_	@evk2001f-wordsКатя249.035249.332
707	три	три	NUM	_	Animacy=Inan|Case=Acc	_	_	_	@evk2001f-wordsКатя249.332249.629
708	постепенно	постепенно	ADV	_	Degree=Pos	_	_	_	@evk2001f-wordsКатя249.629249.926
709	начали	начать	VERB	_	Aspect=Perf|Mood=Ind|Number=Plur|Tense=Past|VerbForm=Fin|Voice=Act	_	_	_	@evk2001f-wordsКатя249.926250.223
710	доверять	доверять	VERB	_	Aspect=Imp|VerbForm=Inf|Voice=Act	_	_	_	@evk2001f-wordsКатя250.223250.52
711	потому	потому	ADV	_	Degree=Pos	_	_	_	@evk2001f-wordsКатя250.605250.767
712	что	что	SCONJ	_	_	_	_	_	@evk2001f-wordsКатя250.767250.93
713	я	я	PRON	_	Case=Nom|Number=Sing|Person=1	_	_	_	@evk2001f-wordsКатя250.93251.092
714	мертва	мертвый	NOUN	_	Animacy=Anim|Case=Nom|Gender=Fem|Number=Sing	_	_	_	@evk2001f-wordsКатя251.092251.255
715	/	/	PUNCT	_	_	_	_	_	@evk2001f-wordsКатя251.255251.417
716	че	что	PRON	_	Case=Nom	_	_	_	@evk2001f-wordsКатя251.417251.58
717	меня	я	PRON	_	Case=Acc|Number=Sing|Person=1	_	_	_	@evk2001f-wordsКатя251.58251.742
718	бояться	бояться	VERB	_	Aspect=Imp|VerbForm=Inf|Voice=Mid	_	_	_	@evk2001f-wordsКатя251.742251.905
719	там	там	ADV	_	Degree=Pos	_	_	_	@evk2001f-wordsКатя251.905252.067
720	/	/	PUNCT	_	_	_	_	_	@evk2001f-wordsКатя252.067252.23
721	всё	все	PRON	_	Animacy=Inan|Case=Nom|Gender=Neut|Number=Sing	_	_	_	@evk2001f-wordsКатя252.23252.392
722	такое	такой	DET	_	Case=Nom|Gender=Neut|Number=Sing	_	_	_	@evk2001f-wordsКатя252.392252.555
723	но	но	CCONJ	_	_	_	_	_	@evk2001f-wordsКатя252.8253.042
724	я	я	PRON	_	Case=Nom|Number=Sing|Person=1	_	_	_	@evk2001f-wordsКатя253.042253.284
725	/	/	PUNCT	_	_	_	_	_	@evk2001f-wordsКатя253.284253.526
726	помогла	помочь	VERB	_	Aspect=Perf|Gender=Fem|Mood=Ind|Number=Sing|Tense=Past|VerbForm=Fin|Voice=Act	_	_	_	@evk2001f-wordsКатя253.526253.768
727	у...	у	ADP	_	_	_	_	_	@evk2001f-wordsКатя253.768254.01
728	а	а	CCONJ	_	_	_	_	_	@evk2001f-wordsКатя254.08254.297
729	/	/	PUNCT	_	_	_	_	_	@evk2001f-wordsКатя254.297254.514
730	и	и	PART	_	_	_	_	_	@evk2001f-wordsКатя254.514254.731
731	я	я	PRON	_	Case=Nom|Number=Sing|Person=1	_	_	_	@evk2001f-wordsКатя254.731254.949
732	еще	еще	ADV	_	Degree=Pos	_	_	_	@evk2001f-wordsКатя254.949255.166
733	им	они	PRON	_	Case=Dat|Number=Plur|Person=3	_	_	_	@evk2001f-wordsКатя255.166255.383
734	помогла	помочь	VERB	_	Aspect=Perf|Gender=Fem|Mood=Ind|Number=Sing|Tense=Past|VerbForm=Fin|Voice=Act	_	_	_	@evk2001f-wordsКатя255.383255.6
735	убить	убить	VERB	_	Aspect=Perf|VerbForm=Inf|Voice=Act	_	_	_	@evk2001f-wordsКатя255.6255.818
736	двух	два	NUM	_	Case=Gen	_	_	_	@evk2001f-wordsКатя255.818256.035
737	своих	свой	DET	_	Case=Acc|Number=Plur	_	_	_	@evk2001f-wordsКатя256.035256.252
738	одногруппников	одногруппник	NOUN	_	Animacy=Anim|Case=Acc|Gender=Masc|Number=Plur	_	_	_	@evk2001f-wordsКатя256.252256.47
739	вот	вот	PART	_	_	_	_	_	@evk2001f-wordsКатя256.74257.31
740	но	но	ADV	_	Degree=Pos	_	_	_	@evk2001f-wordsКатя257.75258.168
741	/	/	PUNCT	_	_	_	_	_	@evk2001f-wordsКатя258.168258.586
742	недавно	недавно	ADV	_	Degree=Pos	_	_	_	@evk2001f-wordsКатя258.586259.004
743	мы	мы	PRON	_	Case=Nom|Number=Plur|Person=1	_	_	_	@evk2001f-wordsКатя259.004259.422
744	короче	короче	PART	_	_	_	_	_	@evk2001f-wordsКатя259.422259.84
745	я	я	PRON	_	Case=Nom|Number=Sing|Person=1	_	_	_	@evk2001f-wordsКатя260.045260.281
746	помогла	помочь	VERB	_	Aspect=Perf|Gender=Fem|Mood=Ind|Number=Sing|Tense=Past|VerbForm=Fin|Voice=Act	_	_	_	@evk2001f-wordsКатя260.281260.517
747	своему	свой	DET	_	Case=Dat|Gender=Masc|Number=Sing	_	_	_	@evk2001f-wordsКатя260.517260.753
748	одногруппнику	одногруппник	NOUN	_	Animacy=Anim|Case=Dat|Gender=Masc|Number=Sing	_	_	_	@evk2001f-wordsКатя260.753260.99
749	убить	убить	VERB	_	Aspect=Perf|VerbForm=Inf|Voice=Act	_	_	_	@evk2001f-wordsКатя260.99261.226
750	Игоря	Игорь	PROPN	_	Animacy=Anim|Case=Acc|Gender=Masc|Number=Sing	_	_	_	@evk2001f-wordsКатя261.226261.462
751	Максимова	Максимов	ADJ	_	Case=Gen|Degree=Pos|Gender=Neut|Number=Sing	_	_	_	@evk2001f-wordsКатя261.462261.698
752	/	/	PUNCT	_	_	_	_	_	@evk2001f-wordsКатя261.698261.935
753	а	а	CCONJ	_	_	_	_	_	@evk2001f-wordsКатя261.935262.171
754	это	это	PRON	_	Animacy=Inan|Case=Nom|Gender=Neut|Number=Sing	_	_	_	@evk2001f-wordsКатя262.171262.407
755	сосед	сосед	NOUN	_	Animacy=Anim|Case=Nom|Gender=Masc|Number=Sing	_	_	_	@evk2001f-wordsКатя262.407262.643
756	Максима	Максим	PROPN	_	Animacy=Anim|Case=Nom|Gender=Masc|Number=Sing	_	_	_	@evk2001f-wordsКатя262.643262.88
757	/	/	PUNCT	_	_	_	_	_	@evk2001f-wordsКатя262.88263.116
758	а	а	CCONJ	_	_	_	_	_	@evk2001f-wordsКатя263.116263.352
759	значит	значить	ADV	_	Degree=Pos	_	_	_	@evk2001f-wordsКатя263.352263.588
760	он	он	PRON	_	Case=Nom|Gender=Masc|Number=Sing|Person=3	_	_	_	@evk2001f-wordsКатя263.588263.825
761	состоит	состоять	VERB	_	Aspect=Imp|Mood=Ind|Number=Sing|Person=3|Tense=Pres|VerbForm=Fin|Voice=Act	_	_	_	@evk2001f-wordsКатя263.825264.061
762	в	в	ADP	_	_	_	_	_	@evk2001f-wordsКатя264.061264.297
763	их	их	DET	_	_	_	_	_	@evk2001f-wordsКатя264.297264.533
764	коалиции	коалиция	NOUN	_	Animacy=Inan|Case=Loc|Gender=Fem|Number=Sing	_	_	_	@evk2001f-wordsКатя264.533264.77
765	/	/	PUNCT	_	_	_	_	_	@evk2001f-wordsКатя264.77265.006
766	и	и	CCONJ	_	_	_	_	_	@evk2001f-wordsКатя265.006265.242
767	это	это	PRON	_	Animacy=Inan|Case=Nom|Gender=Neut|Number=Sing	_	_	_	@evk2001f-wordsКатя265.242265.478
768	было	быть	AUX	_	Aspect=Imp|Gender=Neut|Mood=Ind|Number=Sing|Tense=Past|VerbForm=Fin|Voice=Act	_	_	_	@evk2001f-wordsКатя265.478265.715
769	вообще	вообще	ADV	_	Degree=Pos	_	_	_	@evk2001f-wordsКатя265.715265.951
770	почти	почти	ADV	_	Degree=Pos	_	_	_	@evk2001f-wordsКатя265.951266.187
771	нереально	нереальный	ADJ	_	Degree=Pos|Gender=Neut|Number=Sing|Variant=Short	_	_	_	@evk2001f-wordsКатя266.187266.423
772	/	/	PUNCT	_	_	_	_	_	@evk2001f-wordsКатя266.423266.66
773	и	и	CCONJ	_	_	_	_	_	@evk2001f-wordsКатя266.66266.896
774	мы	мы	PRON	_	Case=Nom|Number=Plur|Person=1	_	_	_	@evk2001f-wordsКатя266.896267.132
775	его	он	PRON	_	Case=Acc|Gender=Masc|Number=Sing|Person=3	_	_	_	@evk2001f-wordsКатя267.132267.368
776	убили	убить	VERB	_	Aspect=Perf|Mood=Ind|Number=Plur|Tense=Past|VerbForm=Fin|Voice=Act	_	_	_	@evk2001f-wordsКатя267.368267.605
777	и	и	CCONJ	_	_	_	_	_	@evk2001f-wordsКатя267.69267.934
778	мы	мы	PRON	_	Case=Nom|Number=Plur|Person=1	_	_	_	@evk2001f-wordsКатя267.934268.178
779	ходили	ходить	VERB	_	Aspect=Imp|Mood=Ind|Number=Plur|Tense=Past|VerbForm=Fin|Voice=Act	_	_	_	@evk2001f-wordsКатя268.178268.422
780	всей	весь	DET	_	Case=Dat|Gender=Fem|Number=Sing	_	_	_	@evk2001f-wordsКатя268.422268.667
781	общаге	общага	NOUN	_	Animacy=Inan|Case=Dat|Gender=Fem|Number=Sing	_	_	_	@evk2001f-wordsКатя268.667268.911
782	говорили	говорить	VERB	_	Aspect=Imp|Mood=Ind|Number=Plur|Tense=Past|VerbForm=Fin|Voice=Act	_	_	_	@evk2001f-wordsКатя268.911269.155
783	что	что	PRON	_	Case=Acc	_	_	_	@evk2001f-wordsКатя269.155269.4
784	мы	мы	PRON	_	Case=Nom|Number=Plur|Person=1	_	_	_	@evk2001f-wordsКатя269.4269.644
785	убили	убить	VERB	_	Aspect=Perf|Mood=Ind|Number=Plur|Tense=Past|VerbForm=Fin|Voice=Act	_	_	_	@evk2001f-wordsКатя269.644269.888
786	Игоря	Игорь	PROPN	_	Animacy=Anim|Case=Acc|Gender=Masc|Number=Sing	_	_	_	@evk2001f-wordsКатя269.888270.132
787	Максимова	Максимова	PROPN	_	Animacy=Anim|Case=Acc|Gender=Masc|Number=Sing	_	_	_	@evk2001f-wordsКатя270.132270.377
788	и	и	CCONJ	_	_	_	_	_	@evk2001f-wordsКатя270.377270.621
789	они	они	PRON	_	Case=Nom|Number=Plur|Person=3	_	_	_	@evk2001f-wordsКатя270.621270.865
790	такие	такой	DET	_	Case=Nom|Number=Plur	_	_	_	@evk2001f-wordsКатя270.865271.11
791	/	/	PUNCT	_	_	_	_	_	@evk2001f-wordsКатя271.11271.354
792	ооо	о	PART	_	_	_	_	_	@evk2001f-wordsКатя271.354271.598
793	/	/	PUNCT	_	_	_	_	_	@evk2001f-wordsКатя271.598271.842
794	как	как	SCONJ	_	_	_	_	_	@evk2001f-wordsКатя271.842272.087
795	вы	вы	PRON	_	Case=Nom|Number=Plur|Person=2	_	_	_	@evk2001f-wordsКатя272.087272.331
796	это	это	PRON	_	Animacy=Inan|Case=Nom|Gender=Neut|Number=Sing	_	_	_	@evk2001f-wordsКатя272.331272.575
797	сделали?	сделать	VERB	_	Aspect=Perf|Mood=Ind|Number=Plur|Tense=Past|VerbForm=Fin|Voice=Act	_	_	_	@evk2001f-wordsКатя272.575272.82
798	вот	вот	PART	_	_	_	_	_	@evk2001f-wordsКатя272.93273.31
799	/	/	PUNCT	_	_	_	_	_	@evk2001f-wordsКатя273.31273.69
800	очень	очень	ADV	_	Degree=Pos	_	_	_	@evk2001f-wordsКатя273.69274.07
801	забавно	забавный	ADJ	_	Degree=Pos|Gender=Neut|Number=Sing|Variant=Short	_	_	_	@evk2001f-wordsКатя274.07274.45
802	шо	что	PRON	_	Case=Nom	_	_	_	@evk2001f-wordsКатя274.65274.981
803	-	-	PUNCT	_	_	_	_	_	@evk2001f-wordsКатя274.981275.312
804									
805	я	я	PRON	_	Case=Nom|Number=Sing|Person=1	_	_	_	@evk2001f-wordsКатя275.643275.974
806	еще	еще	ADV	_	Degree=Pos	_	_	_	@evk2001f-wordsКатя275.974276.305
807	хотела	хотеть	VERB	_	Aspect=Imp|Gender=Fem|Mood=Ind|Number=Sing|Tense=Past|VerbForm=Fin|Voice=Act	_	_	_	@evk2001f-wordsКатя276.305276.636
808	рассказать	рассказать	VERB	_	Aspect=Perf|VerbForm=Inf|Voice=Act	_	_	_	@evk2001f-wordsКатя276.636276.967
809	/	/	PUNCT	_	_	_	_	_	@evk2001f-wordsКатя276.967277.298
810	я	я	PRON	_	Case=Nom|Number=Sing|Person=1	_	_	_	@evk2001f-wordsКатя277.298277.629
811	забыла	забыть	VERB	_	Aspect=Perf|Gender=Fem|Mood=Ind|Number=Sing|Tense=Past|VerbForm=Fin|Voice=Act	_	_	_	@evk2001f-wordsКатя277.629277.96
812	про	про	ADP	_	_	_	_	_	@evk2001f-wordsКатя278.04278.251
813	“Киллера”	“Киллер”	NOUN	_	Animacy=Anim|Case=Acc|Gender=Masc|Number=Sing	_	_	_	@evk2001f-wordsКатя278.251278.462
814	чё	что	PRON	_	Case=Nom	_	_	_	@evk2001f-wordsКатя278.462278.674
815	-	-	PUNCT	_	_	_	_	_	@evk2001f-wordsКатя278.674278.885
816	то	то	PART	_	_	_	_	_	@evk2001f-wordsКатя278.885279.097
817	смешное	смешной	ADJ	_	Case=Nom|Degree=Pos|Gender=Neut|Number=Sing	_	_	_	@evk2001f-wordsКатя279.097279.308
818	было	быть	AUX	_	Aspect=Imp|Gender=Neut|Mood=Ind|Number=Sing|Tense=Past|VerbForm=Fin|Voice=Act	_	_	_	@evk2001f-wordsКатя279.308279.52
819	хм	хм	INTJ	_	_	_	_	_	@evk2001f-wordsКатя280.99281.5
820	#цокает#	#цокает#	X	_	_	_	_	_	@evk2001f-wordsКатя281.555282.225
821	вот	вот	PART	_	_	_	_	_	@evk2001f-wordsКатя282.225282.895
822	но	но	ADV	_	Degree=Pos	_	_	_	@evk2001f-wordsКатя283.09283.55
823	/	/	PUNCT	_	_	_	_	_	@evk2001f-wordsКатя283.55284.01
824	типа	типа	PART	_	_	_	_	_	@evk2001f-wordsКатя284.01284.47
825	ааа	а	PART	_	_	_	_	_	@evk2001f-wordsКатя284.47284.93
826	/	/	PUNCT	_	_	_	_	_	@evk2001f-wordsКатя284.93285.39
827	очень	очень	ADV	_	Degree=Pos	_	_	_	@evk2001f-wordsКатя285.39285.85
828	круто	круто	ADJ	_	Degree=Pos|Gender=Neut|Number=Sing|Variant=Short	_	_	_	@evk2001f-wordsКатя285.85286.31
829	шо?	что	SCONJ	_	_	_	_	_	@evk2001f-wordsКатя286.56287.16
830	четыре	четыре	NUM	_	Case=Nom	_	_	_	@evk2001f-wordsКатя287.16287.76
831	сорок	сорок	NUM	_	Case=Nom	_	_	_	@evk2001f-wordsКатя287.76288.36
832	восемь	восемь	NUM	_	Case=Nom	_	_	_	@evk2001f-wordsКатя288.36288.96
833	нет	нет	VERB	_	Aspect=Imp|Mood=Ind|Number=Sing|Person=3|Tense=Pres|VerbForm=Fin|Voice=Act	_	_	_	@evk2001f-wordsКатя288.99289.192
834	/	/	PUNCT	_	_	_	_	_	@evk2001f-wordsКатя289.192289.394
835	я	я	PRON	_	Case=Nom|Number=Sing|Person=1	_	_	_	@evk2001f-wordsКатя289.394289.596
836	хочу	хотеть	VERB	_	Aspect=Imp|Mood=Ind|Number=Sing|Person=1|Tense=Pres|VerbForm=Fin|Voice=Act	_	_	_	@evk2001f-wordsКатя289.596289.798
837	вспомнить	вспомнить	VERB	_	Aspect=Perf|VerbForm=Inf|Voice=Act	_	_	_	@evk2001f-wordsКатя289.798290.0
838	/	/	PUNCT	_	_	_	_	_	@evk2001f-wordsКатя290.0290.202
839	чё	что	PRON	_	Animacy=Inan|Case=Acc|Gender=Neut|Number=Sing	_	_	_	@evk2001f-wordsКатя290.202290.404
840	я	я	PRON	_	Case=Nom|Number=Sing|Person=1	_	_	_	@evk2001f-wordsКатя290.404290.606
841	хотела	хотеть	VERB	_	Aspect=Imp|Gender=Fem|Mood=Ind|Number=Sing|Tense=Past|VerbForm=Fin|Voice=Act	_	_	_	@evk2001f-wordsКатя290.606290.808
842	рассказать	рассказать	VERB	_	Aspect=Perf|VerbForm=Inf|Voice=Act	_	_	_	@evk2001f-wordsКатя290.808291.01
843	не	не	PART	_	_	_	_	_	@evk2001f-wordsКатя293.63294.22
844	помню	помнить	VERB	_	Aspect=Imp|Mood=Ind|Number=Sing|Person=1|Tense=Pres|VerbForm=Fin|Voice=Act	_	_	_	@evk2001f-wordsКатя294.22294.81
845	а	а	INTJ	_	_	_	_	_	@evk2001f-wordsКатя295.595295.905
846	/	/	PUNCT	_	_	_	_	_	@evk2001f-wordsКатя295.905296.215
847	вспомнила!	вспомнила	VERB	_	Aspect=Perf|Gender=Fem|Mood=Ind|Number=Sing|Tense=Past|VerbForm=Fin|Voice=Act	_	_	_	@evk2001f-wordsКатя296.215296.525
848	/	/	PUNCT	_	_	_	_	_	@evk2001f-wordsКатя296.525296.835
849	мы...	мы	PRON	_	Case=Nom|Number=Plur|Person=1	_	_	_	@evk2001f-wordsКатя296.835297.145
850	у	у	ADP	_	_	_	_	_	@evk2001f-wordsКатя297.145297.455
851	меня	я	PRON	_	Case=Gen|Number=Sing|Person=1	_	_	_	@evk2001f-wordsКатя297.455297.765
852	короче	короче	PART	_	_	_	_	_	@evk2001f-wordsКатя297.765298.075
853	одногруппник	одногруппник	VERB	_	Aspect=Perf|Gender=Masc|Mood=Ind|Number=Sing|Tense=Past|VerbForm=Fin|Voice=Act	_	_	_	@evk2001f-wordsКатя298.075298.385
854	ааа	а	PART	_	_	_	_	_	@evk2001f-wordsКатя298.68298.998
855	его	он	DET	_	_	_	_	_	@evk2001f-wordsКатя298.998299.317
856	должна	должен	ADJ	_	Degree=Pos|Gender=Fem|Number=Sing|Variant=Short	_	_	_	@evk2001f-wordsКатя299.317299.635
857	была	быть	AUX	_	Aspect=Imp|Gender=Fem|Mood=Ind|Number=Sing|Tense=Past|VerbForm=Fin|Voice=Act	_	_	_	@evk2001f-wordsКатя299.635299.954
858	убить	убить	VERB	_	Aspect=Perf|VerbForm=Inf|Voice=Act	_	_	_	@evk2001f-wordsКатя299.954300.272
859	моя	мой	DET	_	Case=Nom|Gender=Fem|Number=Sing	_	_	_	@evk2001f-wordsКатя300.272300.591
860	соседка	соседка	NOUN	_	Animacy=Anim|Case=Acc|Gender=Masc|Number=Sing	_	_	_	@evk2001f-wordsКатя300.591300.91
861	и	и	CCONJ	_	_	_	_	_	@evk2001f-wordsКатя300.98301.373
862	он	он	PRON	_	Case=Nom|Gender=Masc|Number=Sing|Person=3	_	_	_	@evk2001f-wordsКатя301.373301.766
863	однажды	однажды	ADV	_	Degree=Pos	_	_	_	@evk2001f-wordsКатя301.766302.159
864	пришел	прийти	VERB	_	Aspect=Perf|Gender=Masc|Mood=Ind|Number=Sing|Tense=Past|VerbForm=Fin|Voice=Act	_	_	_	@evk2001f-wordsКатя302.159302.552
865	помочь	помочь	VERB	_	Aspect=Perf|VerbForm=Inf|Voice=Act	_	_	_	@evk2001f-wordsКатя302.552302.945
866	мне	я	PRON	_	Case=Dat|Number=Sing|Person=1	_	_	_	@evk2001f-wordsКатя302.945303.338
867	с	с	ADP	_	_	_	_	_	@evk2001f-wordsКатя303.338303.731
868	матлогом	матлог	NOUN	_	Animacy=Inan|Case=Ins|Gender=Masc|Number=Sing	_	_	_	@evk2001f-wordsКатя303.731304.124
869	и	и	CCONJ	_	_	_	_	_	@evk2001f-wordsКатя304.124304.517
870	типа	типа	PART	_	_	_	_	_	@evk2001f-wordsКатя304.517304.91
871	#смеется#	#смеется#	X	_	_	_	_	_	@evk2001f-wordsКатя306.28306.537
872	я	я	PRON	_	Case=Nom|Number=Sing|Person=1	_	_	_	@evk2001f-wordsКатя306.537306.795
873	просто	просто	PART	_	_	_	_	_	@evk2001f-wordsКатя306.795307.053
874	вышла	выйти	VERB	_	Aspect=Perf|Gender=Fem|Mood=Ind|Number=Sing|Tense=Past|VerbForm=Fin|Voice=Act	_	_	_	@evk2001f-wordsКатя307.053307.311
875	из	из	ADP	_	_	_	_	_	@evk2001f-wordsКатя307.311307.568
876	комнаты	комната	NOUN	_	Animacy=Inan|Case=Gen|Gender=Fem|Number=Sing	_	_	_	@evk2001f-wordsКатя307.568307.826
877	и	и	CCONJ	_	_	_	_	_	@evk2001f-wordsКатя307.826308.084
878	его	он	PRON	_	Case=Gen|Gender=Masc|Number=Sing|Person=3	_	_	_	@evk2001f-wordsКатя308.084308.342
879	убили!	убить	VERB	_	Aspect=Perf|Mood=Ind|Number=Plur|Tense=Past|VerbForm=Fin|Voice=Act	_	_	_	@evk2001f-wordsКатя308.342308.6
880	это	это	PRON	_	Animacy=Inan|Case=Nom|Gender=Neut|Number=Sing	_	_	_	@evk2001f-wordsКатя308.75309.057
881	было	быть	AUX	_	Aspect=Imp|Gender=Neut|Mood=Ind|Number=Sing|Tense=Past|VerbForm=Fin|Voice=Act	_	_	_	@evk2001f-wordsКатя309.057309.364
882	очень	очень	ADV	_	Degree=Pos	_	_	_	@evk2001f-wordsКатя309.364309.671
883	смешно	смешно	ADV	_	Degree=Pos	_	_	_	@evk2001f-wordsКатя309.671309.978
884	/	/	PUNCT	_	_	_	_	_	@evk2001f-wordsКатя309.978310.285
885	меня	я	PRON	_	Case=Acc|Number=Sing|Person=1	_	_	_	@evk2001f-wordsКатя310.285310.593
886	теперь	теперь	ADV	_	Degree=Pos	_	_	_	@evk2001f-wordsКатя310.593310.9
887	хейтят	хейтить	VERB	_	Aspect=Perf|Mood=Ind|Number=Plur|Person=3|Tense=Fut|VerbForm=Fin|Voice=Act	_	_	_	@evk2001f-wordsКатя310.9311.207
888	все	все	PRON	_	Animacy=Inan|Case=Acc|Gender=Neut|Number=Sing	_	_	_	@evk2001f-wordsКатя311.207311.514
889	/	/	PUNCT	_	_	_	_	_	@evk2001f-wordsКатя311.514311.821
890	двести	двести	NUM	_	Case=Nom	_	_	_	@evk2001f-wordsКатя311.821312.129
891	два	два	NUM	_	Case=Nom|Gender=Masc	_	_	_	@evk2001f-wordsКатя312.129312.436
892	двести	двести	NUM	_	Case=Nom	_	_	_	@evk2001f-wordsКатя312.436312.743
893	три	три	NUM	_	Case=Nom	_	_	_	@evk2001f-wordsКатя312.743313.05
894	двести	двести	NUM	_	Case=Nom	_	_	_	@evk2001f-wordsКатя313.05313.357
895	шесть	шесть	NUM	_	Case=Nom	_	_	_	@evk2001f-wordsКатя313.357313.665
896	ой	ой	INTJ	_	_	_	_	_	@evk2001f-wordsКатя313.665314.045
897	ну	ну	PART	_	_	_	_	_	@evk2001f-wordsКатя314.045314.425
898	триста	триста	NUM	_	Case=Acc	_	_	_	@evk2001f-wordsКатя314.425314.805
899	и	и	CCONJ	_	_	_	_	_	@evk2001f-wordsКатя314.84315.312
900	все	весь	DET	_	Case=Nom|Number=Plur	_	_	_	@evk2001f-wordsКатя315.312315.785
901	мои	мой	DET	_	Case=Nom|Number=Plur	_	_	_	@evk2001f-wordsКатя315.785316.257
902	одногруппники	одногруппник	NOUN	_	Animacy=Anim|Case=Nom|Gender=Masc|Number=Plur	_	_	_	@evk2001f-wordsКатя316.257316.73
903	потому	потому	ADV	_	Degree=Pos	_	_	_	@evk2001f-wordsКатя316.94317.225
904	что	что	SCONJ	_	_	_	_	_	@evk2001f-wordsКатя317.225317.511
905	я	я	PRON	_	Case=Nom|Number=Sing|Person=1	_	_	_	@evk2001f-wordsКатя317.511317.797
906	убила	убить	VERB	_	Aspect=Perf|Gender=Fem|Mood=Ind|Number=Sing|Tense=Past|VerbForm=Fin|Voice=Act	_	_	_	@evk2001f-wordsКатя317.797318.082
907	трех	три	NUM	_	Animacy=Anim|Case=Acc	_	_	_	@evk2001f-wordsКатя318.082318.368
908	своих	свой	DET	_	Case=Gen|Number=Plur	_	_	_	@evk2001f-wordsКатя318.368318.654
909	одногруппников	одногруппник	NOUN	_	Animacy=Anim|Case=Gen|Gender=Masc|Number=Plur	_	_	_	@evk2001f-wordsКатя318.654318.94
910	но	но	CCONJ	_	_	_	_	_	@evk2001f-wordsКатя318.94319.225
911	это	это	PRON	_	Animacy=Inan|Case=Nom|Gender=Neut|Number=Sing	_	_	_	@evk2001f-wordsКатя319.225319.511
912	очень	очень	ADV	_	Degree=Pos	_	_	_	@evk2001f-wordsКатя319.511319.797
913	смешно	смешно	ADV	_	Degree=Pos	_	_	_	@evk2001f-wordsКатя319.797320.082
914	мне	я	PRON	_	Case=Dat|Number=Sing|Person=1	_	_	_	@evk2001f-wordsКатя320.082320.368
915	очень	очень	ADV	_	Degree=Pos	_	_	_	@evk2001f-wordsКатя320.368320.654
916	нравится	нравиться	VERB	_	Aspect=Imp|Mood=Ind|Number=Sing|Person=3|Tense=Pres|VerbForm=Fin|Voice=Mid	_	_	_	@evk2001f-wordsКатя320.654320.94